"ZIP","ZIP3","EV_perc","BachOrHigher_perc","Median_Household_Income","Zillow_Home_Value_Index","Latino_perc","White_perc","Asian_perc","Black_perc"
94027,"940",14.23,84.7,250001,7397088.91,8.8,68,18.5,1.2
94022,"940",14.08,87.6,250001,4383734.1,5.2,53.7,36.2,0.2
94301,"943",13.73,82,184932,3763337.05,6.2,59.6,24.4,2.5
94028,"940",13.6,85.2,250001,3708911.26,9,79.5,5.9,0
94024,"940",13.43,85.1,250001,3879869.05,6.3,55.6,31.7,0.9
90402,"904",13.27,78.6,139667,4112663.88,12.5,73.9,5.9,0.8
92657,"926",12.95,78.3,181176,3949922.71,6,67,22.7,0.2
90077,"900",12.51,77.8,200625,2893567.91,5.8,77,7.5,1.7
90272,"902",12.33,78.9,212115,3376952.31,5,82.1,7.2,0.4
95070,"950",12.25,80.1,222235,3442554.51,2.9,39.3,52.5,0.1
90094,"900",12.03,83.9,166667,1268247.27,12.1,59.4,17.3,4.3
95030,"950",11.93,79.6,215461,3234472.56,5.5,75.7,16.3,0.2
94708,"947",11.55,86.6,201099,1552077.6,4.5,75.8,10.7,1.9
94539,"945",11.4,74.3,200046,1902980.06,4.5,13.9,75.9,1.5
90067,"900",11.37,65,109704,1348859.66,5.2,71.4,18.7,2.3
91436,"914",11.36,69.6,157898,2172898.21,8.6,80.1,3.9,1.8
94582,"945",11.35,75.9,186367,1677478.95,5.4,27,58.6,3.4
94707,"947",11.21,85.1,182603,1627385.14,5,72.4,12.4,1.1
92618,"926",10.95,69.3,117833,1262961.11,9.9,35.1,48.2,1.5
94306,"943",10.94,81.4,185588,2946768.36,7.7,48.6,36.4,2.2
90049,"900",10.88,80.8,143000,2716187.61,7.9,78.1,7.1,1.3
90210,"902",10.85,64.8,154740,5160554.57,6.2,81.3,5.1,1.9
95120,"951",10.84,73.5,221632,2007526.51,7.6,46,38.9,1.1
90266,"902",10.74,77.9,169586,2857420.44,7.6,71.3,14.7,0.5
94563,"945",10.69,87,250001,1961092.78,6,70.4,14.7,0.6
92617,"926",10.61,83.4,57372,773693.86,22.8,32.1,30.2,5.1
95138,"951",10.6,53.4,172434,1646818.83,24,20.3,47.6,4.2
94957,"949",10.54,83.2,250001,3802986.55,4,86.2,5.8,1.6
92603,"926",10.51,76.8,175012,1731696.47,9.6,47.5,37,0.6
94158,"941",10.4,68.6,161391,1265065.01,15.2,32.4,40.6,4.1
94618,"946",10.4,84.1,172454,1657147.26,9.2,66.6,12.8,3.7
95014,"950",10.24,81,198602,2558524.15,3.1,22.7,69.1,1.1
95135,"951",10.1,65.9,178977,1553671.65,9.7,26.2,57.7,2.2
95032,"950",10.09,72.4,163082,2323508.46,9.2,66.4,18.2,0.9
94043,"940",10.09,69.5,159898,1471024.62,16.7,40.1,33.7,4.3
94025,"940",10.07,71.5,183750,2485795.47,17.8,56.2,16.1,2.7
94920,"949",10.07,79.2,203717,3100980.96,6.1,81.5,7.2,0.2
94611,"946",9.93,75.4,147080,1485463.06,5.4,61.9,16.5,6.7
94705,"947",9.91,78.9,143533,1948639.36,7.2,74.3,9.6,2.9
91108,"911",9.88,80.6,170223,2301228.27,6.9,24.2,66.1,0.3
94065,"940",9.72,80.1,181975,1649190.6,5.7,40.4,44.6,0.3
92067,"920",9.71,71.6,216781,3986838.09,16,72.6,6.4,0
92602,"926",9.71,65.7,123455,1527208.32,20.4,30.9,43.5,0.3
94304,"943",9.69,81.1,152772,2977539.91,12.2,61.4,20,1.6
95391,"953",9.54,45.3,154155,944074.28,14.3,28.8,43.5,6.3
92694,"926",9.49,65.5,165290,1127442.37,11,67,13,1.1
92625,"926",9.3,71.7,167925,3360027.43,8.2,80.3,7.4,0.1
92823,"928",9.3,60.9,143971,1099247.26,16.1,31,48.4,0
94114,"941",9.29,79.2,169459,1672050.31,9.1,66.8,13.6,2.7
94568,"945",9.18,67.6,171168,1230336.89,9.6,28.8,52.3,3.6
94062,"940",9.15,66.2,203000,2409848.54,13.3,71.6,7.9,1.5
92091,"920",9.12,69.5,151458,2984880.78,6,64.5,17.7,0
92130,"921",9.09,79.4,166789,1777635.25,8.1,51.6,33.1,0.6
92620,"926",8.89,69.2,131521,1334307.58,9.3,30.2,54.1,1.1
90290,"902",8.88,67.3,135262,1491091.05,9.7,78.4,4.6,1.7
90274,"902",8.87,76.7,186144,2393416,6.5,62.2,23.3,2.9
91302,"913",8.85,65.9,146521,1867588.21,7.5,74.6,8.7,2.6
90265,"902",8.84,69.1,175607,3332357,12.4,72.7,5.2,1
91011,"910",8.82,73.5,187297,1995786.37,9,54.3,30,1.2
94904,"949",8.8,71.4,143338,2124747.88,10.4,77.9,6.8,0.7
90068,"900",8.68,63.4,90733,1663477.53,11.9,71.3,6.1,5.7
94941,"949",8.67,76.9,183882,1939547.91,6.4,80.9,5.5,1.2
92014,"920",8.65,81.8,178080,2432101.03,6.8,81.5,4.6,1.7
92651,"926",8.59,68.2,138734,2779699.88,8.1,82,3,0.5
91105,"911",8.58,71.1,143892,1502869.91,16.3,55.4,17.1,3.6
94040,"940",8.57,73.7,153275,2382753.31,16.1,41,36.1,1.2
94506,"945",8.49,73.5,223362,1949979.28,6.4,56,28.6,3.4
94131,"941",8.48,78.6,181329,1483157.03,11.8,54.9,21.4,4.1
92127,"921",8.42,73.6,156464,1390256.91,7.7,49.8,31.5,1.3
94129,"941",8.4,85.4,218717,1903805.12,20.3,57.3,7.5,1.8
95113,"951",8.4,68.1,124625,756448.31,20.8,30.6,39.9,5.9
94555,"945",8.34,65.3,177333,1352919.91,5.8,13.7,74,1.5
94087,"940",8.33,73.7,178128,2338870.09,8.2,33.6,51.4,1.2
94549,"945",8.28,73.5,190250,1909387.5,7.6,74.9,10.2,0.4
94070,"940",8.23,68,205912,2156217.7,9.3,63.4,18.1,0.7
95033,"950",8.21,67.1,161971,1381887.42,5.4,82.7,5.9,0
91604,"916",8.2,66.5,124271,1593906.64,11.3,70.7,7.7,3.7
90024,"900",8.18,72.9,67422,1312969.89,13.7,49.6,25.8,3.7
94107,"941",8.13,76.1,164289,994409.78,11,50.3,27.7,4.1
94041,"940",8.11,74.6,160328,2009119.3,25,43.2,23.8,3.1
90254,"902",8.09,77.9,144388,2088823.34,12.4,71.8,7.5,0.5
94010,"940",8.08,69.3,172009,3081573.42,11.2,53.1,28.7,1.2
92782,"927",8.06,67.2,123909,1084941.82,17.7,34.9,42.1,1.1
94305,"943",7.95,93.7,67224,2870212.14,16.5,48.8,23.8,3.4
94937,"949",7.92,54.9,78077,1367372.61,13,80.3,0,0
90291,"902",7.91,69.7,105871,1897042.64,17.8,66.4,4.2,5.9
90292,"902",7.86,72.4,137813,1229536.75,9.7,66.7,9.8,6.6
90064,"900",7.8,69.8,109357,1744978.54,14.4,55.9,20.4,2.3
90069,"900",7.8,68.8,98440,1208949.52,8.4,76.3,7.2,2.8
90405,"904",7.74,68.6,97010,1756470.43,15.3,65.8,7.3,3.1
94002,"940",7.65,69,175694,2043331.95,12.2,49.1,29.8,1.1
95134,"951",7.62,76.6,166828,1034697.74,13,20.5,59.7,2.1
90013,"900",7.62,37,22291,634129.4,21.7,28.5,14.3,27.6
94538,"945",7.61,52.7,130947,1159563.11,18.4,17,55.8,3.3
93108,"931",7.52,75.3,192303,4246368.38,8.5,81.5,4,0.6
90212,"902",7.52,67.9,91663,2261239.45,7.6,73.1,11.6,2
92660,"926",7.44,70.8,142500,2512905.36,8.8,77.4,8.2,1
90275,"902",7.43,68.5,158952,1719187.43,10.4,49.3,30.9,1.7
91381,"913",7.41,56.7,144476,1020242.67,20.4,41.3,24.6,5.2
91326,"913",7.34,56.5,130322,1123946.52,14.6,42.1,30.9,8.1
92037,"920",7.34,75.1,125636,1984207,11.5,71.5,10.9,1.2
94960,"949",7.33,73,156169,1574019.92,7,81.5,4.6,1.3
95054,"950",7.33,65.9,171799,1353642.48,13.3,20,56.9,5.1
94925,"949",7.3,74.1,183661,1713269.27,7.6,74.7,5.5,2
94507,"945",7.29,76.1,250001,2360618.55,6,79.5,10.6,0.7
95129,"951",7.25,72.1,163245,2153094.67,6.3,21.3,66.1,2.3
91403,"914",7.25,67.7,104499,1354267.33,14.4,67,7.8,5.1
94566,"945",7.23,66.7,172403,1613800.26,10.6,49.2,34.2,1.4
94556,"945",7.22,77.1,167500,1671308,7.2,64.5,21,0.4
94127,"941",7.22,65.6,180768,1762364.5,10.4,50.4,26.3,3.2
92679,"926",7.2,62.1,197951,1322716.38,13.9,70.6,9.1,1.5
95814,"958",7.18,38.2,39612,624923.59,21.9,46.5,10.1,14.2
94939,"949",7.06,78.2,150179,2094587.64,5.4,78.6,5.6,0
90403,"904",7.05,71.7,113204,1418159.41,10.9,70.3,9.5,2.8
94404,"944",7.04,70.3,166203,1601366.55,8.4,32.2,50.8,2.5
94610,"946",7.02,73,117530,1291261.49,11.6,51.1,16.2,13.9
90401,"904",6.99,71,90682,1104992.09,7,72.6,6.4,6.9
92861,"928",6.87,53.6,172375,1924794.35,15.9,67.3,14.1,0.4
92610,"926",6.85,64.5,155101,1037141.38,11.8,48.7,31.7,0.3
90046,"900",6.82,62.3,77162,1475020.25,15.2,66.9,6.5,5.5
95124,"951",6.81,58.9,165344,1611265.73,16.4,49.5,26.3,1.9
94552,"945",6.81,55.9,183578,1364340.99,12.8,34.6,42.3,5.4
94402,"944",6.77,68,170688,2138419.7,13.6,55.2,22.6,1.6
90048,"900",6.77,67.9,102567,1793059.91,7.7,76.5,7.1,3.8
95125,"951",6.68,55.9,128452,1614082.19,26.6,50.7,15,2.2
92612,"926",6.67,67.1,76648,946785.89,11.8,45.2,35.1,2.7
91361,"913",6.67,62.5,122305,1378858.76,9.7,76.1,7.9,1.4
94965,"949",6.64,67.1,125070,1369099.81,9.7,71.3,7.5,7.2
92673,"926",6.64,57.7,159244,1447537.01,14.6,73.2,6.6,2
94502,"945",6.62,69.5,190174,1213650.16,8.3,39,41.7,3.1
90211,"902",6.61,60.3,89946,2204706.24,11.1,61.7,19.9,1.9
94105,"941",6.61,84,244662,1059330.07,6.3,37.4,51.3,1.4
90232,"902",6.57,62,105932,1670978.27,18.4,50.3,20.5,5
91423,"914",6.48,62.4,97727,1348665.5,13.3,70,6.1,3.8
90014,"900",6.47,42.4,31332,544159.82,25.2,29.6,21.5,19.4
94706,"947",6.47,73.7,115712,1152103.55,13.1,44.3,28.2,4.2
94117,"941",6.47,76.9,174419,1480127.41,10,66.4,11.9,5.2
91030,"910",6.39,70.9,115088,1506534.59,19.6,38.5,32.6,3.7
92075,"920",6.37,68.5,111500,1898422.4,18,67.8,6,1
90278,"902",6.37,61.6,132479,1290509.22,16.3,55,17.9,2.5
91377,"913",6.34,60.4,143153,1046118.02,8.5,69.1,17.7,0.9
90025,"900",6.33,71,100453,1075126.83,13.3,54.1,23.4,3.4
91354,"913",6.32,54,136229,800658.39,19.6,51.9,17.4,4.7
91364,"913",6.31,55.7,116443,1239113.02,13.5,65,9.3,6.7
94037,"940",6.29,57.8,165722,1460889.28,7.7,86.7,0.7,0
90293,"902",6.28,72,110884,887103.11,16.4,64.5,10.1,4.2
94973,"949",6.28,59.6,125579,1004789.1,1.4,86,0,0
92606,"926",6.27,67,124586,1157704.81,8.6,33.3,46.4,1.9
94086,"940",6.2,70.5,162017,1684465.2,16.8,29.7,46.9,1.1
91301,"913",6.19,64.1,142177,1122028.5,14.2,73.4,6.4,1.3
92131,"921",6.18,68.8,153058,1279597.63,12.3,50.6,28.3,1.9
92009,"920",6.17,63,149820,1374434.64,13.4,72.1,8.9,1
92663,"926",6.16,59.5,118718,2229042.44,14.2,79.3,3,0.5
94588,"945",6.15,65.8,162286,1358538.25,11.1,36.6,44.6,2.2
95130,"951",6.12,60.6,158656,1713333.59,13.2,39.5,39.4,2.9
94542,"945",6.11,49.9,121563,1156068.89,26.5,31.3,24,8.7
92661,"926",6.09,54.5,169911,3773352.04,12.2,64.6,3.7,1.5
94111,"941",6.09,66.5,135735,1062201.45,3.6,44.4,43.6,3.4
92614,"926",6.06,65.7,104971,983142.64,11.1,44.5,31.4,2.3
92808,"928",6.02,57.2,137009,1043905.42,14.5,51.2,23.7,2.3
94536,"945",5.95,54.1,139636,1268749.53,16.5,26.1,48.8,3.8
91356,"913",5.94,51.9,90886,1234123.77,15.1,66.7,5.6,5.8
94530,"945",5.94,65.1,115789,1128164.79,12.8,46.9,28,4.3
90277,"902",5.93,67.5,111859,1513249.09,14.8,62.7,12.7,2.9
92662,"926",5.92,64.6,143781,3644051.42,2.3,95.8,2,0
91316,"913",5.91,51.7,79858,869986.32,15.4,69.6,6.9,2.3
95008,"950",5.89,57,128476,1587454.42,18.7,48,25,2.4
94602,"946",5.89,56,115087,1068643.38,16.6,41.2,18.3,14.9
95037,"950",5.87,44.3,139716,1269179.02,34.8,44.7,14.9,1.2
91765,"917",5.83,54.8,99705,887000.68,17.5,14.9,59.5,4.5
92886,"928",5.83,51.8,132888,1142255.73,19.1,54.2,21.4,1
94123,"941",5.81,86.5,194098,2028447.3,9.1,74.7,9.2,0.9
94005,"940",5.79,52.5,122202,1112442.08,25.7,39.4,31.6,1.3
94526,"945",5.79,67.8,174350,1675412.74,6.8,76,12.4,0.3
95051,"950",5.79,68.4,160979,1583901.38,13.1,27.4,52.7,1.6
94085,"940",5.78,55.3,153003,1382653.09,31.9,19.4,42,1.7
94103,"941",5.78,56.2,93143,839394.48,20.5,31.7,33.3,8.6
90066,"900",5.77,57.4,90983,1607186.25,27.2,47.7,14.4,4.8
94583,"945",5.77,64.1,161347,1358451.77,10.8,46.2,35.2,1.9
94303,"943",5.77,49.1,133686,1848920.51,39,24,21.6,7.1
90035,"900",5.76,65.1,101570,1559241.84,11.7,68.9,6.9,5.9
92677,"926",5.75,55.9,125495,1207286.11,15.5,65.2,11.2,1.4
95035,"950",5.75,53.5,149223,1282973.82,13.9,10.7,67,3.2
93923,"939",5.73,64.6,107255,2028985.92,7.1,82.2,5.6,0.3
90036,"900",5.71,69.4,87868,1831256.58,12.3,57.8,20,4.9
91789,"917",5.71,53,116583,1005210.86,18.9,10,65.1,2.6
92887,"928",5.69,57,143723,1255524.89,16.8,55.8,21.2,1.5
92024,"920",5.68,64.2,133304,1627848.89,15.3,75.6,4.3,0.4
93953,"939",5.66,65.4,138917,2504584.77,7,81.5,10,0.2
92835,"928",5.65,57.3,132228,1109792.73,20.3,52.1,22.5,1.4
94118,"941",5.64,73.1,139043,1918349.08,9.7,48.9,33,1.5
91006,"910",5.63,54.5,113817,1228073.35,17.7,19.9,56.7,1.2
94702,"947",5.63,63.2,86058,1112067.79,12.9,47,12.3,19.1
94115,"941",5.62,72.4,138023,1432374.46,9.9,50.1,19.5,10.8
95139,"951",5.62,42.1,148750,1184507.75,37.6,33.5,22.7,0.8
95118,"951",5.61,51.6,130745,1403932.11,25.1,45.1,22.5,1.5
92011,"920",5.56,63.6,121353,1409274.03,17.9,64.4,9.3,1.6
92656,"926",5.54,55.8,121275,842530.99,20.1,56.1,15.5,2.5
94703,"947",5.53,69.9,95125,1247975.69,14,54.6,14.8,10.4
90039,"900",5.51,54.5,99226,1274229.45,32.7,42,18.3,1.3
90803,"908",5.5,56,98428,1215412.17,17.8,65.8,7.9,3.1
94592,"945",5.48,58.8,148125,724013.07,14.6,32.8,39.2,10.2
91024,"910",5.48,63.4,116884,1295381.91,14.5,61.3,15.9,4.2
92604,"926",5.47,63.9,114575,1066916.73,12.2,45.9,35.8,1.3
91602,"916",5.46,55.1,83866,1040752.21,18,59.4,10.2,7
91708,"917",5.44,33.8,98161,679868.35,29.7,23.3,29.7,12
91362,"913",5.41,54.1,127279,1099003.76,17.4,65.8,10.1,2
95119,"951",5.38,54.8,133017,1279553.86,24.4,37.5,29.6,1.8
94030,"940",5.37,51.2,141399,1824831.24,10.1,33.9,47.8,0.4
94903,"949",5.37,55.5,111423,1207393.48,16.3,67.4,8.3,2.6
91207,"912",5.37,51.4,103505,1506279.49,8.9,75.8,9.3,0.8
91307,"913",5.36,52.5,125343,946127.74,15.4,58.1,17.4,3.9
91208,"912",5.35,57.4,107000,1344506.41,14.8,61.8,13,0.2
94598,"945",5.31,74.1,166534,1348570.95,10.7,60.7,18.8,2.2
94089,"940",5.29,54.5,136983,1301554.87,23.7,24.7,46.4,1.3
94612,"946",5.28,57,65536,649328.28,9.7,32.2,25,24.5
95618,"956",5.27,77.1,105343,823073.11,17.2,53.2,21.9,1.7
94709,"947",5.26,79.2,79808,1240280.15,11.8,50.9,28.6,3.1
92648,"926",5.25,48.9,105759,1345478.65,16.2,64.7,11.7,0.7
90027,"900",5.25,57.1,78356,1724085.14,22.5,58.8,12.2,2.6
94930,"949",5.23,66.1,114811,1158440.17,8.4,83.2,3.8,0.8
94110,"941",5.23,60.2,143938,1255266.61,33.2,42.4,14.8,3.5
91107,"911",5.23,58.2,111084,1155606.65,27.5,38.9,23.8,4.8
95131,"951",5.22,57.2,151389,1253452.83,12.8,10.7,71.6,2.5
95616,"956",5.21,76.7,66205,847193.07,13.6,50.4,25.9,2.3
91007,"910",5.21,51.4,87339,1261836.13,17.3,22.3,54,1.8
90021,"900",5.19,16.5,25364,882029.82,54.1,19.1,6.2,17
92121,"921",5.15,78.6,117200,970214.87,10,52.2,28.6,1.4
90720,"907",5.14,50.9,118531,1323409.25,22.6,58.6,10.5,3.2
94403,"944",5.14,61.4,151369,1629383.65,19.5,42.6,29.2,2.2
95472,"954",5.12,49.5,102283,1061878.93,15.2,76,1.9,1
95452,"954",5.11,78,129563,1230552.57,8.2,79.1,12.6,0
91001,"910",5.07,47.6,114668,1103053.47,31.4,34.8,5,23.3
95066,"950",5.03,53.3,130975,1227318.5,11.5,77.3,5.8,0.3
95126,"951",5.01,54.5,116063,1132792.34,35.4,38.4,16.4,4.7
94596,"945",5,72.2,125731,1199563.89,8.9,66.3,15,2.3
91367,"913",4.99,54.6,98803,1026181.09,14.4,61.1,12.6,6.7
93424,"934",4.98,52.7,78629,1302897.6,12.6,84.6,2.9,0
92692,"926",4.97,54.4,128194,1025441.89,16.2,63.6,15.1,1
95762,"957",4.97,56.3,143847,885270.45,8.4,70.6,12,1.8
94619,"946",4.95,57.3,113554,915283.57,20.9,33.6,17.5,19.5
94116,"941",4.94,57,134652,1388301.45,6.7,31,53.9,1.1
92653,"926",4.94,51.3,111111,1041678.67,20.9,56,15.3,3.1
91711,"917",4.89,58.2,112430,876806.79,24.2,47.5,15.1,5.5
92629,"926",4.89,55.8,111155,1438928.17,15.5,74.1,4.3,2.5
95497,"954",4.89,71.4,82552,1210806.84,11.6,80.6,3.6,0
92270,"922",4.88,44.3,95158,860805.45,12.9,78.7,4.6,1.6
94595,"945",4.87,66.8,84688,742826.39,7.2,75.5,11.6,1.5
91709,"917",4.86,49.9,109318,889006.89,27.3,26.4,38.3,4.3
94501,"945",4.86,57.1,101705,1175582.61,13.4,42.8,28.5,6.7
92129,"921",4.85,61.9,131688,1177455.91,11.3,47.7,32.7,1.9
92103,"921",4.85,64,84756,959502.43,17.6,68.2,7.1,2.3
94608,"946",4.85,63,106037,694478.06,11.9,39.7,16.6,22.9
95746,"957",4.83,57.6,159804,1068808.15,9.3,72.4,9.5,3.6
95136,"951",4.82,44.9,131879,1239784.07,27,30,32.2,4.6
94061,"940",4.82,49.1,131140,1722353.22,37.5,43.7,12.4,1.9
92007,"920",4.8,61.2,124219,1726047.43,22.3,71,2.9,0.3
91350,"913",4.78,38.5,122399,764198.61,29.9,47.9,12.4,4.6
94560,"945",4.77,41,144011,1121104.66,29.2,22.2,38.6,3.4
94019,"940",4.76,50.9,137601,1479786.7,32.2,59.5,4.9,0.3
90245,"902",4.76,56.6,126683,1535367.84,16.2,59.2,10.8,4.7
94121,"941",4.76,62.5,116970,1538109.67,6.8,42.5,41.2,1.7
92210,"922",4.75,54.8,120680,1237630.45,3.7,89.4,2.7,2.8
90056,"900",4.74,52.3,105744,1529128.71,8.4,10.5,5.5,66.1
92010,"920",4.74,53.2,108398,1112350.29,13.1,60.3,18.2,1.9
90404,"904",4.73,56.8,74591,1060487.99,28.4,43.8,13.2,8.2
90015,"900",4.71,43.1,53062,703024.98,56.6,13.6,19,7.4
90230,"902",4.71,56.6,96837,1055127.84,29.3,37.7,15.9,9.2
94109,"941",4.7,67.5,104476,979169.1,10.9,52.8,26.7,4.2
94710,"947",4.69,59.9,105729,1008397.7,19.3,44.9,14.2,12.3
91106,"911",4.68,60.5,84153,900447.04,30.6,36,22.8,5.9
94597,"945",4.67,68.4,133930,993924.66,13.1,55.7,22.5,3.8
93109,"931",4.66,57.5,107364,2061456.5,17.2,71.8,3.9,2.7
92807,"928",4.63,42.7,126354,978804.64,25.3,54.2,14.7,1.3
92078,"920",4.63,47.9,97908,935262.15,31.3,52.5,10.2,1.3
95123,"951",4.63,45,124389,1208548.01,29.2,36.3,25.6,3
92122,"921",4.63,74.7,88073,995277.01,13.6,49.6,30.6,1.2
94038,"940",4.62,52.3,116773,1402881.36,30.6,54.1,5,0.5
95060,"950",4.62,55.1,93839,1299056.04,19.3,66.1,7.7,1.5
92880,"928",4.62,40.4,128425,830418.08,40.6,23.7,25.4,6.1
91214,"912",4.6,55.7,116201,1133396.08,16.3,50.7,26.8,0.4
90703,"907",4.59,53.6,115272,955656.15,14.8,12.8,58.1,8.2
90017,"900",4.59,34,44607,664671.05,59.1,11.4,15.3,11.1
92883,"928",4.57,32.6,112151,710080.82,34.8,43.5,10.3,8.3
94122,"941",4.57,59.4,130708,1427642.51,9.7,36.3,44.7,1.8
94949,"949",4.57,48.8,107547,1182957.21,20.5,59.9,7.6,3.8
91739,"917",4.54,43,126111,883776.52,35.3,29.8,19.5,10.9
93924,"939",4.53,51.7,141250,1354069.57,12.8,79.7,0.7,1.6
92705,"927",4.53,44.6,119260,1274836.19,47.3,37.8,9.9,1.8
90012,"900",4.53,35.5,53278,615582.91,29.2,18.6,34.2,13.3
93730,"937",4.52,62.8,130726,625438.16,15.2,57.8,19.3,1.9
92649,"926",4.52,49.2,104320,1156364.59,16.3,63.9,10.7,1
91775,"917",4.51,48.3,99362,1108938,23.7,20,52.4,1
92630,"926",4.49,45.1,108963,977745.45,26.5,49.1,16.5,2.7
95148,"951",4.49,39.7,153433,1324882.64,23.2,9.5,61.7,2.7
95065,"950",4.48,45.6,121538,1249640.38,22.1,68.2,2.1,0.7
94080,"940",4.45,38.4,113008,1169932.57,29.7,21.6,42.7,1.8
95128,"951",4.44,48,105563,1282779.16,32.7,39.3,18.3,4.4
95003,"950",4.43,54.3,128833,1341749.81,13.5,77.3,3.1,0.6
94108,"941",4.43,47.2,65392,978012.45,4.7,33.5,53.3,2.1
91607,"916",4.42,48.9,80871,1163450.49,21.5,58.4,7.2,7.1
92708,"927",4.42,42.6,92765,1129944.91,16.7,39.3,37.1,0.7
93105,"931",4.42,60.5,109018,1675413.87,21.3,70.5,3.9,1.5
94018,"940",4.39,49.3,194038,1441346.34,10.2,87.6,1.1,0
94020,"940",4.39,70.1,191915,940534.62,7.5,81.4,7.2,0
94102,"941",4.36,47,55888,719319.63,20.5,31.6,29.8,9.6
92821,"928",4.36,48.1,105330,943726.14,31.7,40.8,22,1.2
94901,"949",4.35,50,105706,1367476.92,36.2,53.7,4.9,0.9
95818,"958",4.35,61.9,97982,676296.52,22.1,56.2,9,3.8
94609,"946",4.35,61.4,99783,1034522.99,13.6,41.7,11.7,22.7
94133,"941",4.34,50.9,71063,1261047.2,7.5,34.1,52.2,2.6
91101,"911",4.33,61.5,79154,752377.51,30.3,36.6,24.5,4.6
94956,"949",4.33,67.3,73558,1380715.16,5.3,93.6,0,0
95570,"955",4.33,56.6,62679,578748.28,6.8,81.4,0.4,0
92675,"926",4.31,39.8,111875,1083056.71,35.4,55.3,3.9,0.9
90041,"900",4.28,50.6,95811,1168789.7,35.6,30.7,26.3,1.9
92676,"926",4.27,42.6,107794,865108.58,10,84,2.5,0.1
90814,"908",4.26,54.6,84195,868717.22,28,52.6,7.4,8.6
92106,"921",4.26,59.4,117589,1578421.78,14.8,68.8,4.7,2.6
92688,"926",4.26,48.8,127522,883676.9,22.1,58.5,12.1,1.8
95819,"958",4.26,66.3,114622,699503.42,18.8,67.2,5.4,2.6
92672,"926",4.26,45.8,96929,1442554.99,20,69.7,3.4,2.5
95834,"958",4.26,37.2,84073,525939.18,28.1,23.3,28.4,15.2
91780,"917",4.23,42.5,88119,981986.63,18.3,13.1,65.5,0.4
91784,"917",4.22,47.2,138017,898618.49,29.5,49.3,11.9,3.8
95132,"951",4.2,47.9,143695,1388342.39,15.9,13.8,64.7,1.7
95524,"955",4.2,55.6,66750,565282.29,7.6,86.4,0,0
91320,"913",4.19,49.7,130893,916622.85,17.5,65.8,11.3,1.1
94132,"941",4.19,54.8,93995,1234392.19,15.3,26.7,43.9,7.6
93921,"939",4.17,72.4,93693,2096714.47,2.1,90.7,0.6,0
95050,"950",4.15,53,107311,1386838.22,21.5,38.8,30.2,2.9
92118,"921",4.14,64.4,114559,2243397.96,18.1,71.2,3.5,3.3
94547,"945",4.13,45.1,114124,793804.89,16,18,42.3,17.2
92128,"921",4.1,60.4,112779,898568.18,11.5,56.2,22.9,2.7
94587,"945",4.08,41.8,127828,1108804.61,20.3,14.7,55,4.7
91104,"911",4.08,46.3,85049,1086623.7,41.5,34.8,10.9,6.1
95465,"954",4.08,53,79688,1103679.74,3.8,81.5,4.3,1.5
94952,"949",4.07,44.3,102238,1032621.54,20,72.2,2.6,0.8
94704,"947",4.07,71.6,46913,1090649.75,13.1,38.8,35,4.7
94607,"946",4.06,45.5,66211,626003.24,13.6,24.8,25.8,28
95549,"955",4.03,41.6,76017,514925.59,1.9,86.8,0.9,0.1
90505,"905",4.03,57.3,101043,1255437.08,14.1,39.7,37.2,2.7
90740,"907",4.02,49.7,75019,1059186.82,11.9,69.6,12.4,2.1
95816,"958",4.01,63,77839,681595.69,19.5,69.3,4.8,2.6
91914,"919",4,44.3,150284,1029467.08,50.7,18.1,22,3.4
90503,"905",4,55.7,105142,1140094.14,16.2,33.3,40.3,2.8
90623,"906",4,47.9,105632,1019686.83,19.7,24,46.8,4.3
91206,"912",4,44,82664,1034797.81,12.8,67.5,13.7,2.1
91355,"913",3.99,49.3,104637,746017.56,21.7,58.9,11.6,2.5
92532,"925",3.99,29.7,94752,583860.66,35.4,39.8,12.5,7.9
90034,"900",3.98,62.9,88490,1359317.79,26,38.9,20.1,9.1
95133,"951",3.98,41.9,110484,1070702.98,26.4,8.1,59.1,2.9
95630,"956",3.93,56.7,128383,726852.59,14.4,58.8,18.9,1.8
90065,"900",3.93,38.6,80386,1045696.58,54.6,25.8,13.8,1.7
92008,"920",3.92,54,89502,1393651.1,20.1,68.4,5.1,0.7
91202,"912",3.9,48,82476,1096133.21,12.6,69,13.6,2.6
93110,"931",3.9,50.7,99261,1691464.59,27.4,62.6,5.1,1.2
94945,"949",3.9,49.6,109544,1035767.84,18.1,67.5,6.5,1.7
94924,"949",3.87,58.6,90481,1683752.6,1.9,88.9,1.5,0
90028,"900",3.86,51.3,52814,891752.52,29.4,44.1,11.4,8.4
93401,"934",3.85,53.3,83814,977520.88,19.1,71.3,4.2,2.3
92691,"926",3.85,47.1,122967,990809.08,21.9,59,12.6,1.2
92867,"928",3.84,39.8,108547,1023098.9,38.8,44,11.5,0.8
92064,"920",3.84,52.5,119838,1059495.01,16.9,62.2,12.2,1.8
93449,"934",3.84,48.4,94268,1225203.45,9.8,82.7,2.7,1.2
92626,"926",3.83,44.2,98766,1145239.68,28.6,50.2,14.3,1.8
92264,"922",3.82,44.8,63518,614196.53,20.5,68.5,5.9,1.8
91311,"913",3.81,41.3,101623,858002.11,30,42.5,15.4,7
92869,"928",3.79,44.4,126864,994982.67,36.8,45,13.8,0.8
91505,"915",3.79,47.2,94610,1030415.06,27,52.7,11,2.3
94044,"940",3.79,47.2,138381,1225828.85,18.6,51.6,20.5,2.3
94510,"945",3.77,45.2,118228,786025.47,13.8,61.5,11.4,3.6
94550,"945",3.77,51.1,158887,1133416.98,16.3,62.5,14,1.5
90755,"907",3.76,38.4,79260,668562.18,35.8,27.3,22,10.7
91501,"915",3.76,40.5,78630,1076597.72,16,69.1,6.9,2.3
92833,"928",3.76,42.5,98176,843153.69,39,20.8,35.3,2.2
92262,"922",3.76,40.5,60289,697113.96,28.3,56.5,4.2,7.5
92646,"926",3.75,47.7,112926,1146863.95,15.4,64.2,13.2,0.9
95442,"954",3.75,65.5,151342,1216204.08,9.1,77.5,0,0.2
95404,"954",3.75,45.5,88574,793270.81,21.5,63.4,7.1,2.3
95117,"951",3.74,45.1,107972,1518450.93,29.6,31.6,26.6,8
94574,"945",3.74,55.1,116322,1698984.55,25.1,69.5,2.1,0.5
94933,"949",3.72,54.2,120000,867128.92,19.4,70.2,3.9,0
92108,"921",3.71,54,87032,575155.62,22.8,53.3,11,5.3
91506,"915",3.71,43.4,83217,1115342.07,24.9,55,13.6,1.8
95765,"957",3.71,52.5,110656,686187.13,13.4,64.2,14.1,1.7
92124,"921",3.7,54.8,98693,945736.55,18.2,56.2,11.9,6.3
92101,"921",3.69,55.1,78092,749467.45,22,57,8.8,7.7
91344,"913",3.69,37,104640,904804.38,31.6,44.6,17,2.6
90815,"908",3.68,53.4,102939,920317.76,23.1,53.7,11.1,7.1
95121,"951",3.68,33.8,117991,1106620.64,25.9,8.4,59.6,3.3
91387,"913",3.67,32.5,100523,754772.38,41.1,37.7,10.3,5.8
95742,"957",3.67,46.7,141629,621144.54,14.8,42.8,27.6,9.7
95864,"958",3.66,58.1,112560,678919.28,12.1,70.6,8.1,2.7
91748,"917",3.65,37.7,77183,830944.66,28.6,6.4,61.4,1.2
93405,"934",3.64,51.1,49678,967617.92,16.1,72.2,5.4,1
95811,"958",3.63,57,71265,621124.43,23.4,50.6,9.2,9.8
92029,"920",3.63,43.1,98848,1083018.28,26.4,58.2,7.7,1.6
90808,"908",3.63,45,118814,912724.37,25.8,53,11.7,3.8
95476,"954",3.62,40.8,96029,966458.64,25.8,67.1,2.2,1.1
90807,"908",3.62,43.2,81622,865430.76,28.7,38.7,15.2,12.7
91203,"912",3.62,40.9,66245,717535.98,19.2,56.7,16.3,3
95405,"954",3.61,47.4,99978,721505.49,12,77.9,4.2,1.3
94951,"949",3.6,43.9,101197,1186639.38,23.3,68.6,5.4,0
94523,"945",3.57,56,130277,959694.85,15.5,60.4,14.4,3.6
91504,"915",3.56,43.6,89219,1096996.34,23.5,54.9,11,4.3
94947,"949",3.55,44.4,121833,966689.74,21.7,62.5,6.2,3.1
92624,"926",3.55,42.4,110990,1448874.56,26,66.4,1.8,0.6
91741,"917",3.54,46.2,113446,920303.45,29.4,51.7,12.9,1.8
90630,"906",3.54,48.7,109051,911026.09,19.6,34.8,37.9,2.6
91390,"913",3.53,40.8,133150,869649.57,28.5,60.2,4.7,2.2
90010,"900",3.52,54.2,76547,952608.1,10.3,17.7,62,5
90026,"900",3.52,42.9,70436,1145179.25,49.6,28,14.8,3.3
95377,"953",3.51,27.2,128732,756941.92,31.8,27.3,27,5.2
95064,"950",3.51,67.4,107500,609927.6,29.4,32.7,25.4,4
91401,"914",3.5,38.9,65458,1044389.61,42.5,42.5,5,5.3
95460,"954",3.5,45,69712,786555.09,7.6,81.4,4.5,0
91040,"910",3.48,33.7,98044,842659.64,23.2,60.5,10.6,2.6
92870,"928",3.47,40.5,103233,920951.82,38.6,38.7,16.1,2.5
94546,"945",3.45,40.8,111570,1003689.92,18.2,41.3,27.5,6.7
93111,"931",3.44,55.1,132603,1450046.35,22.8,67.4,4.7,0.7
92003,"920",3.44,36.2,98304,921151.63,29.1,63.2,1.9,0.1
94534,"945",3.44,40.5,121478,693006.02,17.3,40.4,23.2,11.2
95409,"954",3.44,48.8,85614,750888.91,17.3,72.5,6.3,1
91737,"917",3.43,40.4,105943,853823.45,33.7,42.8,13,6.1
91915,"919",3.43,47.7,128839,793030.18,43.8,17.8,24.7,7.6
93012,"930",3.42,48.4,111228,804143.99,24.7,58.8,11.1,1.7
91201,"912",3.42,32.7,59432,1127746.01,20.7,67.2,5.6,1.5
91754,"917",3.41,37.3,71735,852124.71,31.3,5.5,60.3,0.8
91601,"916",3.41,46,61761,900093.82,34.4,44.8,8.3,8
91325,"913",3.41,40.6,73119,941633.09,37.8,35.8,15.7,5.9
94805,"948",3.39,42.6,95534,733000.65,29.7,34.1,18.9,10.7
92881,"928",3.37,34,125134,784120.55,32.3,43.6,11.7,5.8
91103,"911",3.34,34.9,73705,963744.74,51.1,20.3,11,14.5
91411,"914",3.32,37.3,67430,934740.71,48,34.2,7.9,6.8
92627,"926",3.32,40.6,94833,1139782.4,41.5,48.5,4.8,0.8
94803,"948",3.32,40.9,101696,738324.87,26.4,33.7,21.3,13.3
94599,"945",3.31,32.2,69769,1354312.41,21.8,68.2,3.6,3.2
94605,"946",3.31,40.7,83026,723317.88,24.8,16.4,8.5,41.9
94517,"945",3.31,55.6,144097,1061445.65,10.4,69.6,10.7,2.1
92831,"928",3.3,43.7,79461,882951.09,39.2,36.6,17.6,2.1
92120,"921",3.29,54.4,103596,919744.26,17.5,65.2,6.1,5.5
95112,"951",3.28,39.3,83224,966756.55,42.7,22.8,25,4.8
95020,"950",3.28,28.2,117236,1020019.27,56.5,28.5,9.5,1.5
95835,"958",3.28,48.8,106843,558720.67,17.8,31.3,28.5,14.2
91745,"917",3.25,34.1,94608,834705.17,45,11.7,40.2,0.9
94513,"945",3.25,36.7,124673,790081.85,23.8,49.1,11.8,8.7
93023,"930",3.25,41.1,79815,1044158.14,19.5,73.4,2.8,0.3
95757,"957",3.25,42,117356,679388.26,17.7,24.2,37.2,11.6
95005,"950",3.24,40.8,89761,929532.28,12,83,1.5,0.3
91016,"910",3.23,42.1,88285,895270.17,43.9,31.6,14.3,4.7
93021,"930",3.21,42.3,125801,861255.22,32.3,52.4,7,3
95073,"950",3.21,42.1,105508,1250378.3,17.4,75.9,2.4,0.1
92109,"921",3.21,67.5,95170,1256413.88,15.3,73.8,4.1,1.7
91020,"910",3.2,42.7,59412,907656.01,18.4,48.4,21.3,1.2
90004,"900",3.2,37.6,54947,1432395.79,47,19.8,25.3,3.9
91791,"917",3.19,35.3,89794,818920.92,49.6,13.3,29,4
91360,"913",3.19,42.4,99229,916263.9,23.8,62.8,6.5,1.8
93950,"939",3.17,55.4,92980,1273823.81,11.4,75.5,7.4,0.7
94505,"945",3.16,32.2,138339,789018.03,19.3,66.8,5,3.5
90802,"908",3.15,43.8,62720,498641.43,34.8,36.8,7.9,13.9
92865,"928",3.15,40.4,118212,876582.78,39.7,36.8,15.3,1.1
92373,"923",3.15,54.5,86430,688155.46,24.6,55.6,9.8,5
94931,"949",3.14,34.7,95131,692651.72,16.9,74.2,1.7,0.8
92116,"921",3.14,56.7,83869,844267.27,29.3,54.3,6,5.5
95006,"950",3.13,42.6,120243,732064.38,10.3,81.1,1,0.7
91803,"918",3.13,34.7,72773,864175.47,41.1,7.8,46.9,1.8
95747,"957",3.12,46.4,119601,651360.96,12.6,63,16.7,2.4
95018,"950",3.12,53.6,106597,811644.88,9.1,79.5,2.7,0.3
91913,"919",3.11,39.8,114352,811332.86,50.3,13.6,24.1,7.5
95062,"950",3.11,48.1,91801,1276259.29,21.1,69.7,3.6,1
94066,"940",3.1,42.7,117747,1207444.81,27.8,27.9,34.1,1.4
91755,"917",3.1,29.1,66355,824805.43,21.4,5.7,70.3,0.9
92592,"925",3.1,38.8,114281,703762.51,26.4,52.2,11.5,3.5
94124,"941",3.1,25.3,66618,863294.44,24,8.2,35.9,27.6
95110,"951",3.09,39.7,119408,857395,55.4,21.5,14.6,2.7
95448,"954",3.09,47.1,100267,1059446.36,24.6,69.1,1.5,0
93619,"936",3.09,44.3,121444,582788.96,24,56.4,13,2
91324,"913",3.05,40.9,88003,867887.27,36.5,34.1,20.3,5.2
90042,"900",3.03,38.3,81853,929306.23,58.7,21.8,13.4,1.8
93065,"930",3.03,36,102654,769002.59,25.8,58.2,10.8,1.6
91384,"913",3.02,29.6,119866,744144.22,38.5,41.2,8.2,5.2
91502,"915",3.02,40.1,52906,733920.2,28,45.8,17.1,3.5
90019,"900",3,35.1,61616,1243612.86,43.9,17.6,17.5,17.1
92596,"925",2.99,30.2,106957,629779.02,36.9,40.8,8.2,6.3
92563,"925",2.98,30.4,105106,640726.95,31.6,42.4,12.4,7.2
91801,"918",2.98,38.8,73060,814588.34,32.8,9.9,52.4,2.1
95045,"950",2.98,29.3,97369,856356.4,39.3,52.6,2.4,0.2
92107,"921",2.97,58,93741,1261749.74,14.7,75.1,3.3,2.8
91750,"917",2.97,40.3,96184,851192.42,38.1,45.2,9.3,4.2
91941,"919",2.95,44.6,100224,913004.21,27.4,55.3,5.3,6.3
90501,"905",2.95,37,80816,884793.02,44.8,19,26.6,5.3
95002,"950",2.94,24.9,110536,1095547.79,65.6,16.3,12.6,1.6
91405,"914",2.94,24.5,54391,766145.17,61.4,23.2,8,4.5
93940,"939",2.93,54.5,91165,1053890.6,18.3,66.1,7.4,3.2
90020,"900",2.93,45.6,51013,702171.17,34.1,12,44.3,6.5
93626,"936",2.93,42.9,105313,566303.78,18.4,62.1,7.9,4.7
92637,"926",2.92,51.5,53076,425458.77,4.2,70.6,21.8,0.5
95330,"953",2.92,21.9,98811,606160.42,39.2,22.2,25.7,7.8
94564,"945",2.91,34.9,104275,722636.11,25,31.6,26.3,11.1
94112,"941",2.91,34.8,112795,1054970.2,28.1,15.3,50.3,2.3
94508,"945",2.9,50.9,111917,877859.02,17,54.8,12.9,6.7
92647,"926",2.9,37,97736,1019635.91,28.7,50.7,14.1,1.6
95445,"954",2.9,31.5,70027,566904.23,16.8,82.6,0,0
93066,"930",2.89,34.2,134063,1366671.55,39.5,55.9,2.3,0
90504,"905",2.88,44,97289,915396.44,25.5,25.8,37.7,4
94401,"944",2.88,46.8,104260,1072084.24,36.9,28.8,21.8,1.8
94063,"940",2.87,34.5,94028,1171488.76,64.2,20.3,9.3,2.5
91773,"917",2.86,37.5,100614,821731.12,34.4,41.6,16.3,2.7
94551,"945",2.86,40.6,116269,944020.7,30.6,46.8,14.7,2.1
95010,"950",2.86,46.2,83827,1174609.74,19.6,70,6.6,0.2
90732,"907",2.85,44.4,105297,823823.77,33.3,46.5,11.4,5.1
95650,"956",2.84,41.4,108063,824246.81,6.9,84.8,3.1,0
90005,"900",2.82,35.6,44913,888707.61,49.1,9.5,32.9,5.4
94559,"945",2.81,34.9,85149,825041.92,41,51.9,3.4,0.6
92123,"921",2.81,46.4,97691,853204.52,22,44.7,19.3,7.6
92104,"921",2.8,52.4,79929,781229.17,31.5,50.6,5.3,7.1
91042,"910",2.79,29.9,73115,830797.86,25.1,61.1,8.5,1.2
93063,"930",2.78,32.7,101509,760951.96,25.5,57.5,11.1,0.8
93430,"934",2.78,41.7,77662,1310172.14,17.6,75.7,2.3,0
90621,"906",2.77,30,76101,763411.04,43.6,15.2,35.6,3.7
92591,"925",2.77,34.5,94745,680252.6,30,49.8,10.8,3.6
93463,"934",2.76,44.4,115112,1181390.21,17.2,74.9,1.8,3.1
94579,"945",2.76,28.2,92102,838499.21,21.5,22.6,46.8,2.2
93428,"934",2.75,44.4,87961,988019.56,26.1,71.6,0.9,0.2
93441,"934",2.75,64.2,111587,1436655.58,19.1,75.1,0.6,0
92590,"925",2.75,37.6,65389,1404386.54,44.7,43.2,5.2,2.9
94503,"945",2.74,33.1,118143,714074.2,30.4,19.9,33.2,7.5
90038,"900",2.73,37,51096,1067750.92,50.5,31.1,6.2,6.6
94545,"945",2.73,32.6,100248,864442.73,30.9,12.3,40.9,7.7
94134,"941",2.73,28.4,93068,959108.79,20.3,11.4,58.8,5.5
93103,"931",2.72,45.1,99725,1531475.27,48.6,44.8,3.4,1.3
91776,"917",2.71,28.9,70538,852015.32,27.3,7.7,62.2,0.6
92506,"925",2.71,38.5,107085,639818.68,36.4,49.5,5.4,5.1
94954,"949",2.71,35.2,100668,814995.95,22.6,65.8,4.6,1.4
92126,"921",2.7,46.2,105284,859308.03,17.1,24.7,47.9,3.7
92683,"926",2.7,26.7,71108,898176.98,24.2,20.7,50.6,0.9
91205,"912",2.7,36.9,48888,826898.26,25.2,58.6,12.5,1.5
95046,"950",2.7,29.4,130559,1419359.69,47.8,44.6,3.2,0.5
91204,"912",2.69,32.7,63443,721032.71,33.9,47.1,14.6,2.9
93402,"934",2.69,43,82894,806185.45,19.5,72.4,4.2,0.3
91770,"917",2.69,22.9,65042,788595.35,30,3.8,64.2,0.4
91304,"913",2.68,34.4,74987,864535.14,40.5,32.4,16.8,5.8
92845,"928",2.68,40,116333,924492.25,18,62.3,13.9,0.7
93117,"931",2.67,49.5,77964,1232703.59,31.5,47.8,13.7,3.1
95492,"954",2.67,33.8,125349,766914.99,30,61,2.9,0.9
95661,"956",2.64,46.3,96554,638371.48,13.7,70.9,9.4,1.6
94577,"945",2.64,36.5,97476,818661.72,28.7,23.9,28.4,12.1
92117,"921",2.64,49.8,97702,954684.07,24.3,58.5,9.2,3.1
92508,"925",2.63,35.3,129794,700203.1,36.3,37.8,12.5,7.4
95436,"954",2.63,41.8,76742,606312.46,12,72.8,3.5,0.5
92832,"928",2.62,30.9,79593,764070.62,54.3,28.6,11.1,2.5
92211,"922",2.61,42.5,72445,544091.97,12.8,76.8,4.7,2.7
95831,"958",2.6,49.3,86665,590433.79,20.1,31.1,26.7,13.6
91935,"919",2.6,35.1,114746,897855.07,25.5,69.4,2,0.9
94521,"945",2.6,41.7,112030,802957.66,16.4,57.4,14.8,3.8
94553,"945",2.6,41.8,110971,760442.53,19.7,60.2,10,3.5
92110,"921",2.58,50.6,87286,859579.53,18.6,60.8,7.4,5.5
94558,"945",2.58,36.8,102244,875040.94,35.4,57.2,2.4,0.8
94015,"940",2.57,40.4,106742,1133836.44,16.9,14.4,59.3,3.6
94525,"945",2.56,41.3,95099,672023.37,20.4,63.8,3.3,9.4
93523,"935",2.56,33.1,62768,167970.16,16.8,59,4.2,7.8
93908,"939",2.56,52.9,158094,1084645.13,28.7,60.8,7.2,0.2
90008,"900",2.56,32.9,49379,1036474.52,23.1,5.9,4.1,64.7
92081,"920",2.53,36.3,90621,835823.07,29.7,54.4,6.6,4.2
95403,"954",2.52,24.3,84517,696773.09,37.1,49.7,4.3,2.5
93420,"934",2.51,39.8,94315,941058.55,14.1,73.7,3.3,1.2
94518,"945",2.51,42.3,105222,830442.77,27.1,52.5,11.6,2.2
92780,"927",2.5,33.7,83662,900769.74,51.4,28.8,12.9,2.8
95677,"956",2.5,41.4,94695,608449.62,14.4,70.3,6.5,1.7
92253,"922",2.49,35.1,83348,728017.88,37.4,54.2,3.4,1.5
94515,"945",2.49,36.5,84676,1056791.95,38.2,57.2,1.2,0.6
90638,"906",2.49,37.4,97838,788193.15,45.4,28.8,21.3,1.4
92882,"928",2.47,27.3,90900,699097.42,53,31.7,7.5,4.1
92584,"925",2.46,25.7,103842,582066.51,37.5,44.1,6.6,6.3
92562,"925",2.46,33.8,101667,640629.72,33.7,51.5,5.2,3.7
93010,"930",2.45,39.9,100895,812253.45,33,51.7,7.1,3.1
96161,"961",2.45,59.6,107321,976259.14,12.4,83.8,1.1,0
94804,"948",2.45,31.1,71824,590313.15,41.9,17.9,11.6,21.5
92028,"920",2.44,34.1,87754,801355.56,41.8,50.2,2.9,1.2
93427,"934",2.43,42.1,108447,824522.78,23.2,73.2,1.4,0.3
95817,"958",2.43,42.1,48359,460345.2,24.6,42.5,10.1,13.3
91710,"917",2.43,23.8,89375,696332.84,58.4,20.6,12.8,5.4
90620,"906",2.41,32.4,104701,800904.65,35.5,28.8,29.3,1.6
92119,"921",2.41,54.3,101109,861964.73,15.6,65.1,8.4,3.3
95722,"957",2.41,38.5,95529,662943.93,9.9,84.6,2.2,0
95521,"955",2.4,46.5,43520,454846.79,14.7,70,3.5,1.6
92844,"928",2.4,20.9,64536,761773.85,22.8,12.8,58.5,2.2
93460,"934",2.4,34.3,113017,1482825.71,23.1,64.7,1.5,0.8
90601,"906",2.39,29,86268,763124.42,68.2,20.4,6.3,0.7
90240,"902",2.39,27.8,91518,824064.68,71.3,15.6,8.1,3.1
93001,"930",2.39,34.5,72259,893993.89,42.8,48.8,2.6,0.5
91701,"917",2.38,35.7,105044,761145.49,36.3,42.7,11,5.2
95628,"956",2.37,42.6,100458,579704.9,14.7,72.5,4.8,1.8
92057,"920",2.37,31.6,91298,715955.41,39.6,39,9.3,5.8
90712,"907",2.36,35.9,108877,780046.36,33.3,34.2,17.6,10.2
91724,"917",2.35,32.3,90799,777041.62,55.5,21.8,14.7,4.7
91321,"913",2.34,26.2,74424,638756.71,51.9,34.3,6.6,2.3
92354,"923",2.34,48.3,67776,600745.47,25.5,33.6,26.6,8.4
90058,"900",2.34,20.1,33146,542548.95,81.8,9.6,0.1,7
91902,"919",2.33,43.2,112331,1008143.69,42.8,37.4,13.6,2.2
95691,"956",2.33,33.6,86675,536091.03,28.8,46,13.4,4
94591,"945",2.32,31.4,95628,591808.4,22.4,25.1,29.4,14.8
95304,"953",2.32,21.4,101069,911402.25,31.6,39.4,11,6.6
95421,"954",2.32,38.5,59479,552495.83,11.1,77.9,3.6,0
92026,"920",2.31,31.1,83194,737519.67,40.7,45.1,8,1.5
92260,"922",2.3,36.7,63023,581894.45,25.6,63,4.5,2.6
92866,"928",2.3,33.4,78365,962165.99,33.9,54.8,5.7,0.4
95648,"956",2.29,34.4,93666,622931.17,18,70.7,6.3,0.9
95519,"955",2.29,36.4,61077,448006.14,9.9,72.4,4,0.4
93101,"931",2.29,40.4,67368,1275632.67,47.8,45.3,2.5,1.2
92841,"928",2.29,22.2,68875,844329.58,30.6,16.7,49.1,0.8
93442,"934",2.28,42.1,79918,929497.76,14.4,75.4,5.1,0.2
95683,"956",2.28,48,131890,665904.4,18.1,72.1,3,4.6
93035,"930",2.28,34.3,93593,834994.53,48.5,38.2,6.7,1.6
90502,"905",2.27,32.8,89206,673943.11,39.6,13.8,35.7,6.5
91406,"914",2.27,27.9,64875,804773.43,57.7,26.2,7.3,4.6
92056,"920",2.26,36.3,90777,774475,31.9,51.4,7.8,2.4
90248,"902",2.26,33,69645,734586.15,36.5,5.9,33.6,16.7
93720,"937",2.25,48.3,94011,459181.83,26.5,50.2,16.3,2.5
91792,"917",2.25,35.6,88610,717201.29,41.7,5.6,43.1,7.5
90631,"906",2.25,30.8,93045,793195.2,57.2,26,12.4,2.1
95111,"951",2.25,19.5,81166,964800.15,51.9,8.7,34.3,1.7
95829,"958",2.24,30.1,102342,567163.32,18.4,27.9,38.4,7.7
92587,"925",2.24,26,95000,592908.69,29.6,59.9,2.3,0.8
94606,"946",2.24,40.3,67197,686225.16,22.9,22.7,32.8,15.3
90670,"906",2.23,23.3,76397,683062.49,75.2,12.3,8.1,2.7
95624,"956",2.22,32.7,106600,605461.66,17.3,39,25.8,9.1
90717,"907",2.21,38.5,85728,840975.12,35.4,35.2,17.8,5.6
93551,"935",2.21,27.6,98181,560277.18,41.7,37.1,7.7,9.5
93933,"939",2.21,36.4,80360,801231.01,28.2,39.5,14.4,6.2
90603,"906",2.2,36.5,109485,802364.83,59.4,32,5.4,0.6
91730,"917",2.19,31.8,76750,622068.11,42.2,27.5,14,11.5
93444,"934",2.19,32.2,98125,834358.92,44.9,49.2,1.6,0.8
94541,"945",2.19,29.3,92270,777557.39,44.4,19.5,17.7,12.4
95959,"959",2.18,43.6,71757,549274.21,8,84.5,1.9,0.8
92336,"923",2.17,26.6,103200,652138.72,56.1,17.7,10.2,11.3
93465,"934",2.16,39.4,113017,903106.59,15.8,76.7,0.8,0
95219,"952",2.16,39.7,83934,538590.05,27.9,34.4,21.4,9.2
91351,"913",2.16,24.6,90671,659265.69,48.2,36.6,5.5,3.6
95127,"951",2.14,24.8,110887,993676.64,56.5,12.5,26,1.2
92069,"920",2.13,33.7,80429,801634.6,46.1,37,10.5,1.9
91740,"917",2.13,31.6,92975,733219.56,46.3,36.6,10.7,2.2
95608,"956",2.13,35,74360,533758.27,15.9,65.3,8,4.7
93737,"937",2.12,29.5,98714,495600.61,33.6,35,25,0.6
91752,"917",2.12,21.3,98913,728144.71,60,23.7,9.3,4.7
94531,"945",2.11,30,106570,659898.06,26.2,22.8,19.2,24.1
94571,"945",2.11,36.3,73547,474943.45,23.1,59.5,4.1,11.5
95655,"956",2.11,37.4,116250,541415.82,13.4,56.7,13.3,7.7
94519,"945",2.1,32.3,111850,707232.28,28.6,45.3,13.6,2.1
92585,"925",2.1,19.4,89105,546522.92,52.1,30.3,4.5,7.9
90305,"903",2.09,33.2,80281,793634.53,16.3,2.3,1.4,76.8
95758,"957",2.08,36.3,96486,553758.88,22.1,31.9,27,11.1
90043,"900",2.08,29.7,60599,829786.31,29,5.8,2.3,57.9
93532,"935",2.08,19,80357,420022.12,23.7,65.5,3.2,2.9
94014,"940",2.08,33.2,101168,998677.39,32.3,9.8,50.9,2.4
92054,"920",2.07,34.3,64694,972369.74,39.2,48.8,3.6,4
92082,"920",2.07,31.6,103509,846334.37,35.1,51,2.8,1.7
95004,"950",2.06,37.4,116779,884867.27,33,61.5,0.5,0.8
92111,"921",2.05,42.6,85347,837473.53,32.1,42.6,17.4,3.4
90016,"900",2.05,27.3,53659,889276.93,54.8,10,4.4,27.7
95663,"956",2.04,37,117500,849281.02,10.9,80.6,1.4,0
92805,"928",2.04,23.4,74002,736018.12,72.3,12.7,12.2,1.4
95672,"956",2.04,35.9,116719,735600.04,13.1,81.3,1.1,0
91790,"917",2.04,22.8,93181,736070.19,61.9,11.7,21,2.9
93003,"930",2.04,40.1,87552,791601.01,32.5,57.5,4.7,1.7
90713,"907",2.03,31.2,112118,801622.02,29,46,13.3,4.2
91306,"913",2.03,29.6,77597,770719.52,48.9,24.5,18.4,3.4
92655,"926",2.01,20,48323,843011.42,34.9,16.5,46.6,1.1
93013,"930",2.01,41.7,88995,1265829.54,42.7,51,2.1,0.8
94572,"945",2,24.6,86150,653114.54,28.6,23,21.7,15.6
95337,"953",1.99,21.7,91190,629156.17,39.7,30.7,18.2,4.9
91343,"913",1.98,26.2,71380,797788.58,61.2,19.4,13.2,4.1
92115,"921",1.98,35.4,59931,732634.62,29.8,40.9,13.8,10
93222,"932",1.98,36.2,47083,387575.22,16,65.8,16,0
93311,"933",1.98,39.8,101447,437319.64,35.9,37.8,15.4,5.6
93711,"937",1.98,47.2,81599,477583.85,27.1,54.5,10.3,3.4
92806,"928",1.98,27.7,83330,850032.91,58.2,23.4,12.9,2.3
91702,"917",1.98,23.8,74175,635998.71,66.8,15.5,12.7,2.5
92840,"928",1.97,24.3,80471,799644.16,43.3,18.5,35.8,0.9
92203,"922",1.97,29.1,80430,546395.38,49.3,44.1,2.2,1.2
91606,"916",1.97,24.4,57146,825485.03,52.2,35.7,4.1,4.4
92061,"920",1.97,28.8,78162,730567.1,28.9,42.9,1.8,0.6
94544,"945",1.97,24.8,95744,796490.47,44.1,13.1,27.7,8.2
93510,"935",1.95,27.1,113056,786072.36,28.6,65.3,2.3,1
92706,"927",1.95,22.7,80990,859558.6,70.1,18.2,9,1
90710,"907",1.95,29.5,68537,761699.9,46.2,17,22.3,11.3
95401,"954",1.95,28.1,82414,631126.54,42,49.4,4,0.6
95688,"956",1.94,31.3,106575,643078.72,26.1,54.5,7.9,4.4
91010,"910",1.94,30.5,88357,688061.95,56.8,21.2,14.4,4.9
90701,"907",1.93,30.6,83321,722062.09,34,15.2,38.6,7
95678,"956",1.93,38.3,86940,511784.62,22.4,62.8,7.2,2
91761,"917",1.92,20.3,79614,640087.75,68.8,15.8,7.2,5.2
93004,"930",1.92,37,102158,771040.52,40.3,49.2,4.5,2.1
95658,"956",1.91,37.8,106875,870290.09,7.7,80.3,2.5,1.8
90804,"908",1.91,29.7,55647,615570.09,44.1,24.5,16.2,12.1
94561,"945",1.9,21.5,109410,647318.45,32.1,45.4,7.1,8.3
92843,"928",1.9,17.3,74940,788078.79,46.3,7.3,44.4,0.4
95603,"956",1.89,33,77571,582314.07,14.7,78.4,1.9,0.5
94928,"949",1.89,31,82894,670910.84,28.6,56.2,6.6,3.1
94578,"945",1.89,25.2,74912,772628.22,33.1,14.3,28.2,18.1
95446,"954",1.89,35.8,79205,552536.94,17,75.9,0.9,0.9
90250,"902",1.89,25,65935,825256,53.1,11.7,7.6,24
95682,"956",1.88,35.8,97607,630035.01,14.4,76.8,3.5,0.8
94580,"945",1.88,26.9,99360,796185.17,37.1,20.2,33.6,3.6
92879,"928",1.87,21.4,76973,624851.65,60.8,19.6,10.9,6.1
93721,"937",1.87,12.6,24643,192754.38,58.3,24.8,3.1,10.7
92223,"922",1.86,25.3,90074,500859.8,43.5,38.2,7,7.5
91786,"917",1.86,27.8,71693,661003.14,51.2,30,8.1,6
90241,"902",1.85,25.8,75111,801372.79,73.8,15.2,6.8,2.3
95693,"956",1.85,30.5,116741,848987.22,29.5,61.2,6.3,0.5
90704,"907",1.85,22.7,77644,845974.32,45,52.3,0.7,0.2
92868,"928",1.84,30.9,79722,748975.09,50.4,26.2,14.8,3.2
92374,"923",1.84,36.4,86132,543432.13,44.4,35.8,7.3,6.9
90032,"900",1.83,22.9,65761,770552.15,76.8,7.8,11.8,1.9
90731,"907",1.83,23.3,61144,768269.55,57.7,27.1,5.7,4.8
95441,"954",1.8,41.8,125750,1079389.55,24.8,65.6,2.3,0.7
95670,"956",1.8,31.4,79003,461350.22,19.7,52.6,12.6,8.6
91335,"913",1.79,29.2,68163,741586.37,53.2,27.5,12.7,3.3
95776,"957",1.79,32.1,91236,566850.7,44.7,31.6,16.2,2.2
91723,"917",1.79,23.3,73977,715856.28,66.6,17.7,10,3.3
90806,"908",1.78,19.9,60172,698708.87,51.3,10.6,19.3,15.4
96146,"961",1.78,46.6,85938,899449.68,7.3,90.9,0,0
93636,"936",1.78,34.7,104201,511296.31,38,50.8,3.4,2.1
93422,"934",1.76,30.9,84456,712384.3,17.5,75.5,1.5,0.6
92025,"920",1.76,27,58608,760072.29,55,33.5,4.4,2.3
92065,"920",1.76,26.9,103743,724090.23,30.2,62.6,2.2,0.8
92019,"920",1.76,34.2,89937,771999.71,20.2,68.1,2.9,2.2
96140,"961",1.75,54.1,113750,1041021.63,8.7,78.8,5,1
92860,"928",1.75,20,115773,790413.36,34.6,54.1,3.5,4.4
90029,"900",1.75,33.4,50822,992215.08,53.5,24.6,15.6,3.7
92071,"920",1.74,30.4,93043,710129.68,20.1,67.3,4.8,1.3
95023,"950",1.74,18.3,94775,729959.43,64.6,28.5,3,1
92507,"925",1.74,29.3,61410,537583.32,52.5,22.1,14.5,7
90031,"900",1.74,22.3,53319,751582.28,60.9,8.1,28,1.7
91942,"919",1.74,38.3,72145,718524.27,23.6,57.3,6.8,6.8
90746,"907",1.74,33.7,96939,758389.18,19,6,9.6,59
95602,"956",1.73,33.7,86352,625779.01,12.9,80.8,1.6,0.1
93611,"936",1.73,37.4,104748,460876.64,30.1,51,10.5,3.5
91303,"913",1.73,24.1,66494,694314.78,58,25.4,10.3,3.5
92084,"920",1.72,27.8,85150,799622.06,47.8,41.7,2.7,2
95614,"956",1.72,35.8,113285,515840.67,8.4,87.9,0.7,0
90715,"907",1.71,28,79941,708101.75,42.8,17.7,24.5,10.2
93022,"930",1.69,32,98101,776432.02,28.9,67.5,0.9,0.1
92321,"923",1.69,26,43542,380684.99,34.8,60.2,4,0
95525,"955",1.68,38.1,51167,402951.19,6.3,78.5,0.2,0
95825,"958",1.68,32.6,50560,395766.97,27.1,37.7,12.5,13.8
91762,"917",1.68,18.6,69103,618914.48,70.4,15.9,7.2,3.9
91978,"919",1.68,26.4,82885,731722.53,31.7,39.8,6.2,15.2
91901,"919",1.68,33.5,105679,874821.78,15.7,75.8,2.9,1
93723,"937",1.67,27.2,94564,491628.73,44.2,21.6,23.6,4.9
90602,"906",1.67,17.7,55328,763723.84,73.3,18.3,2.7,1.7
92352,"923",1.67,43.9,97034,674512.99,15.4,76.1,1.5,0.1
92561,"925",1.66,30.8,62115,543997.4,8.7,82.1,0.9,0.2
95822,"958",1.66,26.2,67323,412281.93,33.7,26.9,16.1,15.3
92503,"925",1.66,18.4,80594,569605.17,62.4,24.2,6.8,3.6
95694,"956",1.65,25.7,87371,577406.55,49.6,47.3,1.7,0.6
95975,"959",1.65,23.2,57500,539455.28,2.9,91.5,0.6,0
95356,"953",1.64,27.6,81825,488062.79,31.3,51.4,8.8,2
94806,"948",1.64,22.8,74867,585450.69,50.8,11.7,18.7,13.2
93536,"935",1.64,24.8,89987,505331.4,35.2,41.8,5.4,11.9
90249,"902",1.64,24.9,69670,742403.41,42,13.3,14.2,25.5
92397,"923",1.63,36.2,66591,433054.8,17.3,76.3,3.5,0
92802,"928",1.62,18.4,70622,784540.17,68.1,15,12.8,2
95843,"958",1.62,23.6,85787,482296.05,16.6,56.7,12.2,8.6
95687,"956",1.61,22.2,95153,559525.88,24.7,46.5,8.5,11.9
92804,"928",1.6,22.1,70649,779963.65,47.1,20,24.9,3.3
95833,"958",1.6,32.8,74677,434981.53,38.2,27.7,11.7,13.3
90680,"906",1.6,22.7,71473,663721.3,49.6,17.8,27.4,1.7
94060,"940",1.59,42.4,100288,1121082.29,46.5,45.6,1.7,0
92555,"925",1.59,22.5,98162,566651.21,50,18.8,7.2,20.5
93314,"933",1.59,35,118504,535861.07,27,58.5,7,2.3
92595,"925",1.59,17.4,83799,597896.42,38.5,44.9,6,2.7
91731,"917",1.58,13.9,52758,670030.17,65.2,4.6,28,0.2
93271,"932",1.58,51.7,73674,477226.6,9.8,78.6,5.8,2.2
92027,"920",1.58,20.5,74690,697212.22,56.4,33,5.6,1.8
93433,"934",1.57,33.7,77637,706235.15,32,61.1,1.9,1.9
95503,"955",1.57,31.3,62463,399330.73,8.7,77.9,3.8,0.5
90302,"903",1.57,28,62794,648381.38,44.8,7.1,2.5,40.7
95467,"954",1.56,27.4,77115,383138.94,10.6,84.1,0.8,0.7
91722,"917",1.56,22.9,86583,672563.11,64.2,15.4,14.4,2.7
92501,"925",1.55,19.4,71980,510264.04,63.1,25.2,4.5,4.7
96069,"960",1.55,16,68393,339339.86,26.8,69.2,1.2,0
96145,"961",1.55,56.9,117150,1141623.26,6.6,85.4,4.1,1.8
95942,"959",1.54,29.4,136595,375531.51,8.1,87.9,0,0
91345,"913",1.53,21.9,85659,749348.1,67.2,17.5,10.3,1.2
90604,"906",1.53,21.8,88342,733136.25,68.3,21.3,6.9,0.4
94801,"948",1.53,18.8,72456,518801.03,64.8,11.2,6.1,14
92252,"922",1.53,20.6,49032,416998.29,22.4,70.8,0.9,1.5
95425,"954",1.53,29.5,93039,622217.61,28.4,65.5,1.7,0.3
91732,"917",1.52,13.9,58883,670491.87,64.8,3.4,30.2,0.6
94590,"945",1.51,24.2,60105,476130.51,34.5,28.3,9.8,20.8
93225,"932",1.51,21,51595,314080.15,15.2,80.7,0.5,0
91342,"913",1.51,19.5,84312,719225.5,75.2,12.9,6.5,3.5
95212,"952",1.51,29.1,98917,527461.55,20.9,24.3,41.7,8
95841,"958",1.5,24.6,58384,411908.36,20.7,58.2,8.7,8.3
92801,"928",1.5,20.4,71309,732523.22,59.1,16.4,18.1,3.9
90018,"900",1.5,23,55275,833507.15,56.9,7.5,5.2,27.1
96062,"960",1.49,19.3,89286,500805.45,6.4,86.5,0,0
95376,"953",1.49,17.9,90735,591463.26,48.9,28,12.5,4.8
92058,"920",1.48,25.8,61636,680611.54,39.9,42.1,5,6.9
92704,"927",1.48,20,80902,725826.41,69.4,9.5,19.3,0.8
95662,"956",1.48,31,86535,519584.17,13.6,74.8,2.5,1.3
93704,"937",1.48,30.8,63490,351665.21,42.2,44.1,4.4,4.4
93036,"930",1.47,22.9,85037,694962.33,69.4,18.7,6.1,2.1
91605,"916",1.47,20.2,56403,768936.57,61.3,27,7.5,2.4
92320,"923",1.47,25.6,67835,527217.73,30.5,59.1,4.3,1.9
95242,"952",1.46,28.8,80726,542009.68,25.6,61,7,2.3
95382,"953",1.46,32.7,80571,478725.58,30.3,53.6,7.8,3.5
95363,"953",1.46,15.6,83458,483524.36,65.9,23.6,2.8,3.3
90057,"900",1.45,24.1,43796,549913.72,67.1,7,18.4,5.5
93553,"935",1.45,35.7,59805,398936.63,16.7,74.4,0.9,0.5
91766,"917",1.45,18,67756,591596.77,73.1,7.4,12.6,5.1
90260,"902",1.44,22.2,76236,746591.39,62.8,15.7,11.8,7.1
95437,"954",1.44,24.4,54221,503761.35,21.1,70.3,1.2,0.5
94565,"945",1.44,19.6,83703,559358.26,48.8,17.5,15.6,12.8
93453,"934",1.44,40.1,68029,664705.28,15.5,77,0,4.2
90247,"902",1.44,23.6,65598,693012.17,50.8,6.1,25.2,15.2
95827,"958",1.43,23.9,70485,442954.64,22.2,47,9.8,14.5
95946,"959",1.43,33.3,74141,499411.58,11.8,84.8,0.7,0.1
93544,"935",1.43,7.4,73409,395558.25,36.5,49.2,0,14.4
92346,"923",1.42,24,74569,512670.88,53.5,25.6,8.2,8.8
90045,"900",1.41,60.1,115943,1408392.6,19.5,49.4,14.3,9.9
92530,"925",1.41,16,70714,516149.26,59.3,29,3.4,5
94533,"945",1.41,21.5,79259,512088.01,34.9,24.1,14.9,17.4
91733,"917",1.4,11.6,59375,667232.82,73.3,2.4,22.7,0.5
95366,"953",1.4,24.7,93469,632342.9,26.3,63.4,4.5,0.9
95821,"958",1.4,28.8,51188,463958.05,20.1,52,14.4,7.2
93446,"934",1.4,26.9,81707,682770.89,28.6,63.2,3,0.4
95826,"958",1.39,34.7,71647,451777.2,24.4,45.4,11,10.5
90745,"907",1.39,29,93759,695228.18,42.4,7.5,37.5,6.9
91910,"919",1.39,26.1,77005,738941.42,63.1,20.3,9.4,3.6
90640,"906",1.39,20.2,66460,718521.46,79.7,6.1,12.6,0.6
92342,"923",1.38,16.6,81861,359546.41,25.5,51.8,3.2,7
95928,"959",1.38,40.8,60750,453826.84,18.2,72.3,3,2
90242,"902",1.38,22.2,75005,724109.36,76.4,11.4,5.2,4.9
95949,"959",1.38,33.6,88730,527133.23,8.2,84.3,0.8,0.5
95713,"957",1.37,27.2,90413,474623.95,13.4,79.4,0.7,1.4
93653,"936",1.37,30.1,103194,429742.81,9.3,82.6,1.5,0
95202,"952",1.37,17.6,16976,327191.33,38.4,16.8,10.7,27.8
92102,"921",1.37,28.1,59586,643828.23,56.6,25.3,5.5,9.5
95547,"955",1.37,13.9,60000,444936.34,9.8,87.1,0,0
95605,"956",1.36,21,62654,390977.19,45.4,37.1,5.4,5
92020,"920",1.35,26.1,64691,727190.52,26.6,59.2,4.4,5.4
95122,"951",1.35,16.6,90984,911168.09,57.8,3.8,34.9,1.4
91763,"917",1.34,17.3,67853,605205.1,72.3,11.4,9.5,4.3
95620,"956",1.33,21.8,84891,564046.51,39.7,51.3,2.9,2.2
92557,"925",1.33,19.4,79833,518802.96,53.9,19.7,5.5,16.4
92536,"925",1.32,26.4,65509,539347.97,19.1,72.6,2.8,1.2
95667,"956",1.32,29.7,78221,501445.53,11.7,83.3,0.8,0.6
95116,"951",1.31,19.2,76339,859018.2,59.2,7.7,28,2.2
94601,"946",1.31,21.6,54972,618638.32,50,10.7,18.9,16.6
92339,"923",1.31,32.8,77649,354676.14,9.1,76.6,0,0
94520,"945",1.3,28.6,71846,593394.25,48.5,30.3,12.4,4.4
94585,"945",1.3,20.4,86000,524549.81,29.3,25,18,19.3
90605,"906",1.29,20.6,83667,702361.35,76.6,13.7,5.5,0.9
92313,"923",1.28,27.3,76791,528064.12,48.6,39.1,4,4.6
95407,"954",1.28,17.6,75542,600287.58,55.3,31.9,7,2.2
92505,"925",1.28,20,72721,562946.54,60.2,21.2,10.7,4.6
91352,"913",1.27,17.8,65085,741700.73,69.8,21.3,5.3,1.9
94511,"945",1.26,19,80227,651124.84,28.1,67.6,2.9,0
92083,"920",1.26,18.5,73204,688463.77,61.4,26.6,4.7,2.7
92399,"923",1.26,25.3,76311,534110.12,36.6,54.9,3.8,1.2
90706,"907",1.25,18.7,70236,702448.75,59,13.4,11.3,12.5
93265,"932",1.25,41.5,82821,397670.26,18.9,73.8,3.9,0.1
91768,"917",1.24,12.7,64820,580436.71,72.9,13.3,7.2,4.8
91767,"917",1.24,20.3,70039,600190.08,68,12.8,9.9,6
95638,"956",1.24,23,98198,733966.47,16,67.9,3.7,5.8
95209,"952",1.24,20,88809,475404.89,36.4,25,23.2,8.8
95977,"959",1.24,15.2,68103,461620.89,10.2,72.4,1.6,2
93907,"939",1.24,22.1,88540,763491.79,53.8,30,8.2,1.7
90650,"906",1.24,20.1,83217,659810.34,69,10.9,13.3,4.4
96120,"961",1.23,29.4,75500,479742.36,10.1,51.4,0.9,0
93041,"930",1.23,19.7,67334,550322.97,58.4,32.9,2.5,2.5
95321,"953",1.23,28.5,59664,398606.04,7.3,83.2,1.8,0
92234,"922",1.23,24.1,56671,474182.78,58.9,30.6,6.3,2
91746,"917",1.23,14,79042,651925.73,83.1,3.2,10.5,2.4
92407,"924",1.23,17,76743,502487.92,67,16.6,3.8,9.3
95449,"954",1.23,20.9,64688,507083.98,34.5,55.1,0.1,0.3
93312,"933",1.22,32.1,102677,424701.27,30.9,54.6,6.2,3.3
95703,"957",1.21,36.8,88882,532707.31,8.2,83.4,0.7,2.6
92382,"923",1.21,29.7,72331,375610,21.7,68.6,3.2,0.4
92504,"925",1.21,19.5,73153,541526.1,53.9,29.9,5,7.7
95626,"956",1.21,15.1,87941,460653.18,18.4,67,5.9,3
91706,"917",1.21,13.3,72737,626189.57,72.7,3.2,21.7,0.9
95355,"953",1.2,22.1,72349,459159.72,31.3,50.6,8.8,4.4
90040,"900",1.19,11.8,56948,609185.61,94.8,2.6,1.5,0.5
92086,"920",1.19,28,48750,484873.3,16.3,65.4,7,0.9
95573,"955",1.19,27.1,82614,308675.64,4,79.8,0,0.3
94589,"945",1.19,21.3,76554,500005.29,35.5,14.5,24.1,18.3
92256,"922",1.19,19.5,42552,322136.94,27,65.5,0.5,2.7
93455,"934",1.18,29.8,99418,621799.79,36.2,52.2,4.2,2.2
95076,"950",1.18,18.1,81318,795217.93,73.5,22.1,2.3,0.4
95610,"956",1.18,24,68868,480134.14,18,69,3.5,3.9
92582,"925",1.17,15.3,78812,479548.18,58.9,27.7,3,6.9
92377,"923",1.16,21.2,100625,586075.31,58.5,16.3,2.6,18.8
93440,"934",1.16,23.6,67418,809033.33,26.1,51.2,1.1,3.2
95962,"959",1.16,33.1,65167,410794.51,2.1,96.4,0,0
95258,"952",1.16,28.2,117614,550534.94,22.2,71.2,1,0.9
95426,"954",1.16,23.2,74457,300569.45,0.1,99.9,0,0.1
92325,"923",1.16,29.1,64549,379380.41,21.3,68.6,0.5,4.2
95540,"955",1.16,21.5,54020,380917.2,19.5,72,1.3,0.6
95685,"956",1.15,28.4,56469,474512.83,6.1,83.6,0.8,0.4
95316,"953",1.15,17.6,93569,499754.61,28.3,65.2,3.1,0.2
93614,"936",1.15,29.3,76963,397827.8,15.9,75.6,0.9,1.2
92105,"921",1.14,18.9,51868,607843,50.9,13.6,19.7,11.7
95623,"956",1.14,24,81141,535243.83,10,80.2,4.6,0
95615,"956",1.13,36.2,63117,582549.88,37.8,52.1,5.9,0
90006,"900",1.13,20.4,41068,752290.17,72.6,4.9,18.2,3.1
93625,"936",1.13,24.5,63527,408375.1,66.7,20.1,9.9,0.3
92040,"920",1.13,23.7,88820,713183.19,21.2,70,1.5,1.6
93955,"939",1.12,24.3,73866,719916.13,45.6,30.6,9,7
91764,"917",1.12,15.7,65941,571173.28,71.3,11.9,5.5,6.6
93291,"932",1.12,23.4,68388,392730.1,56.3,31.1,8.8,1.5
95926,"959",1.11,41.8,54649,425430.9,18,68.7,5.6,2.2
95501,"955",1.11,29.1,47074,367478.9,17.3,66.1,4.8,2.7
93426,"934",1.11,19.8,105223,576083.42,16,79.6,1.1,0.6
90606,"906",1.11,17,82377,667874.8,87.6,8.1,2.7,0.7
91977,"919",1.11,25.3,76902,662671.81,45.9,27.8,7.8,13.1
92337,"923",1.1,17.3,89965,553922.76,71.2,9.4,5.9,9.6
95918,"959",1.1,21.8,72353,556985.94,13.7,71.3,1.4,4.2
95945,"959",1.1,31.1,54469,471803.64,10.9,81.9,0.8,0.4
95220,"952",1.09,19.6,93333,719394.6,32.1,64.3,1.5,0.2
93015,"930",1.09,14.8,74518,613411.63,72.1,22.8,1.1,0.5
95820,"958",1.09,25.5,59933,383245.39,39.5,33.1,10.2,10.9
92586,"925",1.09,12.4,50921,389230.7,27.8,57.4,2.4,5.9
90047,"900",1.08,18,62399,648728.17,39.4,2,0.4,53.9
95973,"959",1.08,40.1,80249,487588.15,17.5,72.9,4.6,1.1
94509,"945",1.08,17.7,71905,545336.22,40.2,27.1,8,16.7
96001,"960",1.08,27.9,61127,371317.77,9.2,79.9,3.6,1.4
95482,"954",1.07,22.4,59349,452325.89,33.9,56.2,3.4,0.8
95470,"954",1.07,17,72269,514795.25,32.6,61.2,0.4,0
95633,"956",1.07,19,69345,450855.48,10.5,86,1.8,0
92707,"927",1.07,15.4,89455,693552.27,84,7.6,6.9,0.5
95247,"952",1.07,34.6,58619,506112.29,5.2,89.6,0.4,0
93901,"939",1.06,28.2,78290,700526.71,61.5,29.4,5.3,0.8
96073,"960",1.06,40,106888,536069.67,3,87.4,0.9,0.9
92391,"923",1.06,12.2,75117,389880.29,41,41.6,6.8,5.6
95551,"955",1.06,41.6,68125,425486.29,15.4,68.3,1.1,2.1
93432,"934",1.05,48.1,97500,928265.46,13.1,86.9,0,0
91945,"919",1.05,20.1,71294,661909.21,43.7,27.5,8.4,15.2
93561,"935",1.05,27,74949,387621.53,23.8,70.1,1.3,1
95842,"958",1.04,15.1,56229,401256.56,23,48.8,8.2,13.5
93552,"935",1.04,13.3,73074,463278.04,69,14.1,2.5,12.1
95695,"956",1.04,25.9,73131,487368.47,50.3,41.8,2.8,1.1
95310,"953",1.04,17.5,40069,385066.54,10.5,86.6,0.1,0
91932,"919",1.03,23.4,68917,776335.84,51.9,32.6,7,4.7
93601,"936",1.03,11.2,66961,439141.66,7.2,85.8,0,0
92344,"923",1.03,14.6,90560,469545.11,62.5,27.9,5.4,2.1
93650,"936",1.03,6.9,38643,255241.84,73.9,8.8,5.4,3.3
95621,"956",1.02,20.5,68246,433047.12,18.6,68.2,4.6,2.8
93301,"933",1.02,17.1,31992,281567.48,40.7,34.1,1.7,18.4
93710,"937",1.02,26.8,55175,369627.26,38.9,43.3,8.8,5.6
90063,"900",1.01,11.6,57026,624843.81,95.3,2.7,1.5,0.3
95641,"956",1.01,21.5,46750,396264.15,19.7,75,3.1,0.8
92307,"923",1.01,18.7,69595,409649.44,38.9,47,2.8,6.3
93560,"935",1.01,17.9,70119,368399.68,43.1,42.3,1,8.9
95681,"956",1.01,26.8,66250,471260.81,35.3,64.7,0,0
95340,"953",1.01,25.3,59034,374073.35,51.1,36.6,6.7,2.7
95461,"954",1.01,24.5,70800,354397.32,22.2,75.3,0.8,0.6
95993,"959",1,26.1,78301,448777.36,22.8,46.1,23.9,1.4
92282,"922",1,22.8,42500,354709.04,46.3,40.9,2.3,7.5
95228,"952",1,19.3,86132,515068.91,16.6,77.6,1.9,2.4
92021,"920",0.99,20.9,63395,681032.99,26.6,56,4.6,6.6
92276,"922",0.99,19.6,56055,357250.21,63.3,33.7,0,0.2
93722,"937",0.99,22.3,69214,365845.34,47.6,21.8,15.9,10.1
95536,"955",0.99,20.8,62581,477991.62,17,74.2,2.3,0.4
95323,"953",0.99,20.7,82130,594792.32,37.9,57.8,1.9,0
93727,"937",0.98,21.5,65633,385715.39,44.5,20.8,26.7,4.2
90007,"900",0.98,25.9,33222,904970.13,53.2,15.1,18.3,9.9
95631,"956",0.98,18.7,89141,483706.4,10.4,86.8,1.1,0
95673,"956",0.98,13.5,80633,416500.96,23.2,64.1,6.8,1.3
95632,"956",0.97,19.5,81045,500425.37,43.9,45.1,4.5,1.7
92359,"923",0.97,23.9,62891,472419.94,40.8,45.7,4.4,4
94621,"946",0.97,13.1,47003,488022.51,58.1,5.1,3,30.6
95336,"953",0.97,14.9,75766,519248.83,41.2,44.4,7.5,2.6
92549,"925",0.97,32.5,72738,493393.85,22.4,68,5.2,3.2
92241,"922",0.96,18.6,36268,370923.57,39.3,54.7,1.3,1.6
93445,"934",0.96,16.5,68671,609635.94,44.3,47.8,2.2,2
91402,"914",0.96,17.5,51485,645662.09,70.6,10.6,14.8,2.8
95938,"959",0.96,34.9,89118,590217.36,5.2,80.3,3.5,7.1
95326,"953",0.96,21,87806,506076.75,32.7,60.4,3,1.6
91744,"917",0.95,11.9,80266,633777.89,79.4,4.5,13.3,1.3
96067,"960",0.95,30.2,55053,408459.89,7.9,87.1,1.3,0.9
95828,"958",0.95,15.7,64423,427414.47,27.4,17.2,37.8,8.8
95961,"959",0.95,15.3,67283,407045.72,37.5,44.5,7.8,3
95528,"955",0.95,18.7,75208,332896.49,2.1,89.7,0.3,0
95709,"957",0.94,32.5,76644,503276.3,5.4,89.5,1.8,0.2
92703,"927",0.94,12.1,71807,690581.07,77.5,4.7,16.3,0.6
92392,"923",0.94,11.7,66908,414712.94,53.3,24.6,5,13.9
93555,"935",0.94,31.5,73166,257893.65,20.2,65.5,4.6,3.7
92059,"920",0.93,15.6,87486,1004783.11,45.3,17.4,4.4,1.2
92154,"921",0.93,18,74705,668559.2,69,12.1,10.8,4.7
95204,"952",0.92,18.5,62366,365040.92,48.8,33.3,7.8,5.7
93534,"935",0.92,17.2,46875,386365.47,42.2,26.4,2.7,25.3
92395,"923",0.92,14.6,50223,381512.95,52.4,29.2,3.6,11.8
96150,"961",0.92,34.4,68082,654682.05,24.3,65.7,4.4,0.5
92284,"922",0.92,18.3,50353,367203.91,25.9,63.5,1,3.9
93631,"936",0.91,24.8,72252,412874.44,45.1,43.7,8.5,0.2
92701,"927",0.91,11.5,57796,577887.07,86.6,7.2,4.4,0.6
90805,"908",0.91,15.8,57232,632154.49,60.9,7.6,10.2,18
92551,"925",0.9,15.2,80287,486488.71,67.5,8.4,4.4,16.9
92509,"925",0.9,13.4,81747,559329.93,75,16.9,3.3,3.3
92408,"924",0.89,19.2,56683,425161.27,61.7,13.5,15.2,4.2
93546,"935",0.89,29.6,78029,741800.21,31.7,60.9,5.4,0
92372,"923",0.89,17.1,62542,422507.38,33.5,56.2,7.3,0
92139,"921",0.89,22.9,80594,644316.45,38.3,11.6,29.5,12.7
90301,"903",0.89,17.3,55111,640466.42,59,4.4,2.5,29
95348,"953",0.89,17.6,53557,388305.42,45.6,27.6,17,5.7
92545,"925",0.89,15.3,49458,421995.07,45.6,40.9,2.6,6.8
93313,"933",0.89,19.7,92049,375654.93,57.6,23,11.1,5.6
93436,"934",0.88,16.3,67941,508505.58,54.7,34.4,3.7,2.5
91340,"913",0.88,13.6,67638,661529.58,92.2,3.4,2,1.6
95361,"953",0.87,24.2,79423,516038.01,29,63.8,1.7,0.6
95240,"952",0.87,18.5,62268,444960.16,46.5,36.4,12.2,0.9
95684,"956",0.87,33.4,67891,457189.26,16.1,75.7,3.3,0.2
93651,"936",0.87,24.3,93310,515459.29,31.3,52.2,0.8,1.8
95701,"957",0.86,36.2,87625,443743.61,3.8,92.2,1.7,0.5
92394,"923",0.86,12.7,68767,397279.42,56.8,16.5,3.9,18.8
95207,"952",0.85,19.9,61167,397201.77,41.1,23.8,14.1,14
93545,"935",0.85,20.9,35574,326572.32,50.8,38.4,0.2,0.1
93635,"936",0.85,11,68770,432236.8,72.6,19.7,2.2,2
91962,"919",0.85,46.3,138775,602340.54,27.1,65,1,1.2
95350,"953",0.85,19.7,62105,394842.33,36.2,46,7.8,4.5
92308,"923",0.85,17.6,57265,378663.91,38.8,47.9,2.8,6.1
92285,"922",0.85,17.9,35732,256382.15,12.7,76.5,0.9,3.4
92277,"922",0.84,23.2,47049,259374.54,22.8,50.4,3.2,9.4
95367,"953",0.84,16.2,75968,443072.89,59.5,30,5.6,1.5
95815,"958",0.84,14.7,45929,333702.25,43.4,31.1,7.4,11.9
95380,"953",0.84,16,53825,407308.25,54.1,38.4,2.5,1.2
93060,"930",0.84,14.1,69133,612264.21,79.3,17.4,0.9,0.5
92315,"923",0.84,30.6,67547,604504.38,29.7,65.4,2.1,0
92371,"923",0.83,9.5,63605,415363.2,42.5,50.1,2.1,0.9
92324,"923",0.83,17.7,61070,459894.64,71.1,14.1,3.1,8.5
90660,"906",0.83,14.1,78056,661205.14,89.9,4.7,3.9,0.9
92036,"920",0.83,28.5,64545,530377.47,17.9,74.5,0.1,3.3
90062,"900",0.83,15.5,56500,687395.58,65.3,2.5,1.9,27.4
94603,"946",0.83,17.2,60068,526448.32,61.3,4.3,4.9,26.8
95222,"952",0.83,23.5,57000,439677.39,6.6,84.7,0.1,0.8
95039,"950",0.82,15,43867,998379.67,74.9,15.2,1.8,0
90303,"903",0.82,17.3,65077,727319.62,57.5,2.8,1.7,35.8
95301,"953",0.82,16.1,61856,379438.69,50.5,34.5,6.3,4.6
95660,"956",0.82,10.4,55772,363699.45,33.5,46.1,7.7,7.6
90810,"908",0.82,18.5,67687,631430.57,59,5.6,22.8,8
93277,"932",0.82,22.3,67422,338962.27,48,42,3.7,2.8
92571,"925",0.82,11.5,73026,482312.43,77.6,6.6,4.9,9.4
95969,"959",0.81,25.7,53310,245473.71,6.3,86.6,1,0.4
93292,"932",0.81,20.1,71089,359115.28,56.5,36.9,2.9,1.3
95360,"953",0.81,10,69571,403479.69,69.3,26.3,3.8,0.2
96003,"960",0.81,26.6,63159,391254.42,10.3,79.3,3.6,1.5
93306,"933",0.81,19,60857,310385.98,66.1,24.5,3.3,3.1
95726,"957",0.81,25.9,78326,397626.52,10,87.1,0.6,0.4
93030,"930",0.81,17.7,82427,691533.09,77.5,11.4,6,2.1
93920,"939",0.81,31.8,65026,2000116.56,36.1,63,0,0
93451,"934",0.81,21.9,68929,552093.4,51,44.9,0.9,0.1
92220,"922",0.81,15.8,48622,386874.13,47.9,35.4,4.5,6.5
92544,"925",0.8,14.4,57881,419263.89,48.8,42.1,1.7,4.7
95690,"956",0.8,35.1,66823,528229.49,49.6,44,3.3,1
91916,"919",0.8,22.3,109861,608671.77,14.1,78.4,0.2,0.6
92114,"921",0.8,19.7,79917,644236.8,44.5,9.3,23.1,17.3
93612,"936",0.8,21,51820,345523.8,43.4,40.2,9,2.7
95589,"955",0.79,24.5,39861,367594.11,3.8,93.1,0,3.1
92570,"925",0.79,8.3,68305,511353.97,78.1,13.7,2.2,4.3
95334,"953",0.79,9,68417,377370.1,70.6,11.6,17.2,0.1
96008,"960",0.79,15.1,78464,422280.75,8.3,87.2,0,2.3
93562,"935",0.79,11.1,45682,60906.51,18.5,71,1,4.5
93535,"935",0.79,13.9,51560,400517.78,53.1,20.7,2.4,20.4
95357,"953",0.79,19.6,86462,464088.66,42.2,42.6,2.6,6.6
93245,"932",0.78,20.5,67407,349492.74,39.3,42.7,6.3,6.1
92368,"923",0.78,14.6,41442,274535.88,47.3,33.3,4.2,2.4
95354,"953",0.78,16.2,54808,365727.87,45,40.3,5.5,5.5
93221,"932",0.78,20.4,66308,343458.52,45.3,47.1,4.8,0.4
96002,"960",0.77,21.6,66136,358713.2,12.5,70.9,7,1.3
92404,"924",0.77,10.4,55381,439879.59,67.3,17.1,2.2,10.5
95236,"952",0.77,21.4,80221,621914.74,38.9,57.8,1.2,1.4
95562,"955",0.76,7.4,36458,286016.17,15.8,67,1.6,0.7
90813,"908",0.75,12.3,44867,530349.93,66.6,8.7,11.4,11.2
95237,"952",0.75,24.3,76333,482594.05,32.6,63,1.1,0.1
92004,"920",0.75,28.5,83676,339432.47,35.3,64.7,0,0
90304,"903",0.75,12.3,50052,678087,87.8,2.2,4,3.4
95320,"953",0.75,18.1,66420,547439.62,23.2,70.4,1.8,0.2
93643,"936",0.74,18.6,60982,373104.24,11.8,63.8,1.3,0.1
93602,"936",0.74,25.3,65215,347997.03,9.4,78.1,0.6,0.7
95490,"954",0.74,23,53725,329675.53,22.3,68.5,1.9,0.7
91911,"919",0.74,18.5,70873,673740.12,73,12.7,8.2,3.5
95832,"958",0.74,11.9,62045,378738.36,26.9,9.4,39.7,13.6
90723,"907",0.74,11.6,60493,576561.57,82.9,5,2.7,7.5
93610,"936",0.74,11.8,62561,351671.66,48.6,36.9,3.9,5.5
91331,"913",0.74,10.5,72089,658524.21,87.2,4.3,5.1,2.2
95669,"956",0.73,25.5,79000,528173.53,23.4,69.9,0.7,0
93505,"935",0.73,11,44733,257532.4,37.1,34.2,1.9,20
92201,"922",0.73,13.9,50144,451748.06,72.9,20.7,1.7,3.3
95210,"952",0.73,10.4,52453,378219.88,37.1,12.5,31.8,11.8
93230,"932",0.73,17.3,68450,336718.32,51.2,36.5,3.9,4.5
92567,"925",0.73,15.1,86818,516893.55,68.3,25.9,0.2,0.7
93309,"933",0.73,20.4,54572,314713.29,48.6,34.3,4.4,9.1
92240,"922",0.73,14.4,42155,361978.15,60,26.9,3.2,6.5
95838,"958",0.72,14.2,53425,372928.65,33.5,20.9,18,16
95206,"952",0.72,10.1,59893,406183.96,63.5,7.1,14.6,10.7
95451,"954",0.71,17.7,56435,362513.2,33.9,60.9,0.4,3.1
93040,"930",0.71,5.6,69808,553883.27,90.3,6.6,0,2.1
90716,"907",0.71,14.7,66537,537810.21,78.1,7.5,10.6,2.5
95368,"953",0.71,17.2,87615,459795.1,53.2,34.7,9.1,1.3
95636,"956",0.71,21.3,78415,335072,0.3,89.1,0,0
95991,"959",0.71,16.1,58632,379373.05,39.1,39.9,11.7,2.4
95640,"956",0.69,13.9,75953,446499.92,18.5,67,0.6,6
92548,"925",0.69,9,54444,409255.46,65.2,29.3,1.6,0.5
93637,"936",0.69,15.7,67333,366927.27,73.3,19.8,2,3
90033,"900",0.69,13.5,49734,628162.2,90.5,2.6,4.5,1.6
93906,"939",0.68,17.5,80214,624840.63,75.2,14.4,7.1,1.6
95328,"953",0.68,6.3,53007,364606.63,79.9,17.5,1,0
93644,"936",0.68,27.3,63438,409574.4,16,80.9,0.8,0
95372,"953",0.68,26.5,86932,381316.2,11.5,83,0.5,0
95383,"953",0.68,39.6,80806,411725.8,8.4,87.6,0.7,0
95542,"955",0.68,23.9,32990,385964.44,5.4,90.9,0.4,0.2
95386,"953",0.67,9.4,68454,391578.07,45.2,46.9,3.7,2.2
95322,"953",0.66,15.1,56888,390266.82,60.1,35.9,2,0
93550,"935",0.66,8.8,54693,419776.61,67.9,12.5,2.9,13.4
95329,"953",0.66,15.3,58333,382646.46,27.2,55.7,0,7.2
93657,"936",0.66,15.4,63994,371714.59,68.9,24.8,4.3,0.2
93210,"932",0.65,12.4,64940,261958.13,63.9,26.7,1.6,2.6
95469,"954",0.65,30,57950,406842.48,18.9,73.5,1.8,0.2
95453,"954",0.65,22.7,67846,369408.35,16.7,68.6,2.5,1.1
95245,"952",0.65,18.8,75700,363687.05,12.5,75.6,3.5,5.8
95252,"952",0.64,13.3,76792,457394.69,16.8,74.5,3.7,0.5
93308,"933",0.64,15.7,49490,306732.05,25.8,63.3,2.4,2.4
93514,"935",0.64,30.4,68963,524436.83,21.5,63.5,1.7,0.2
95389,"953",0.64,29.5,38325,707996.86,19.2,71,2.2,6.5
96052,"960",0.64,13,51534,282541.99,4.8,82.4,3.2,0.7
90280,"902",0.64,10.6,59713,608525.92,95.3,2.8,0.8,0.4
96022,"960",0.63,22.2,69052,351578.5,10.7,79.4,2.7,0.5
95612,"956",0.63,39.6,133411,730386.84,22.9,70.6,1.9,0
95823,"958",0.63,15.3,53238,403351.81,33.1,13,21.9,20
95338,"953",0.63,29.3,54323,354401.31,8.7,79.4,1.2,0.5
93654,"936",0.63,14.9,57452,334389.19,75.8,16.6,3.1,2
93240,"932",0.62,8.1,30522,212217.45,13.5,75.3,1.2,1
95423,"954",0.62,19.3,45600,260615.25,12.6,81,1.5,1.6
95203,"952",0.62,14.4,48044,338474.76,56.1,19.2,10.6,10.4
95307,"953",0.62,9.6,65316,418407.98,61.3,25.6,6.7,2.8
94514,"945",0.62,19.2,80000,764200.96,36.2,59.1,1.9,1.7
92553,"925",0.62,12.7,59966,467372.37,68.2,8.8,4.1,16.2
95901,"959",0.61,17.9,54732,358980.59,28.4,51.6,8.3,4
95642,"956",0.61,21.1,70019,432605.14,17.6,73.5,2.7,0.9
93726,"937",0.61,16.8,47809,302088.4,58.7,23.9,8.2,6
93728,"937",0.61,17.4,45546,270472.98,67.8,24.8,2.4,2.7
91906,"919",0.61,11.7,49191,459966.69,31,58.5,0.2,2
92405,"924",0.61,12.5,45478,416285.33,68.5,16.2,3,9.3
95457,"954",0.6,14.7,53284,405599.97,25.4,64.8,1.1,0.6
92314,"923",0.6,22.9,61034,442430.92,26.3,67,0.3,0.1
95370,"953",0.6,26.8,65245,402044.3,10.5,83.1,1.3,0.3
96019,"960",0.6,13.5,50694,287605.65,10.3,79.6,0.4,0.4
95246,"952",0.59,25.8,71094,349565.1,8.2,91.2,0.6,0
93454,"934",0.59,15.6,73166,532627.17,70.2,21.8,3.9,1.1
92301,"923",0.59,5.6,57714,362195.17,67.4,10.4,1.3,15.7
95692,"956",0.59,23.8,81472,433406.02,18.1,70.5,1.6,0.1
92345,"923",0.59,9.4,54881,403928.39,60,32.5,1.6,3.5
95619,"956",0.59,22.9,61250,427894.41,23.9,69.6,3.9,0
90023,"900",0.58,8.4,48293,590662.84,96.1,1.5,0.9,1
95346,"953",0.58,25.2,99327,341387.53,3.1,95.1,1.8,0
90220,"902",0.57,11.4,65337,563139.35,65.6,1.6,1.1,28.7
93461,"934",0.57,12,66650,446339.52,54.2,37.7,0,0.3
95982,"959",0.56,19.4,85347,384659.92,18.7,74,2.8,0
92543,"925",0.56,11.8,41826,339609.27,52.7,32.6,2,9.4
91950,"919",0.56,14.5,51300,604189.78,66.5,10.1,16.4,3.9
95458,"954",0.56,18.1,45202,250696.93,12.5,70.2,4.2,4.6
95937,"959",0.56,25.8,40688,453327.77,26.6,63.4,3.7,4.7
95824,"958",0.56,10.3,44877,345899.36,43,13.8,28.5,8.2
90255,"902",0.56,8.4,53929,592948.53,97.4,1,0.5,0.7
95215,"952",0.56,6.8,51462,376909.55,62.8,26.4,2.8,5.1
95686,"956",0.56,5.7,32083,515959.08,58.9,30.8,5.5,3
95464,"954",0.56,18.3,58750,250432.63,21.1,59.8,2.3,2.2
95627,"956",0.55,21.2,88671,447548.17,43.4,50.3,3.4,0
93501,"935",0.55,5.4,48447,208736.46,49.1,29.4,1.6,15.5
92583,"925",0.54,11.8,50847,409170.28,56.8,27.9,2.9,6.2
95665,"956",0.54,17.5,79058,393561.58,17.1,77.7,0.6,0.2
90744,"907",0.54,8.2,55141,616234.49,88.8,3.7,3.4,2.8
90022,"900",0.54,9.9,57464,608157.25,96.6,1.5,1,0.5
92335,"923",0.54,10.2,64946,506777.05,84.6,8.7,1.9,3.3
93675,"936",0.54,24.5,61140,344223.86,18.6,71.1,7.1,0.7
95953,"959",0.53,14.5,63993,359314.55,40.8,39.2,14.2,1.3
95012,"950",0.53,9.4,69076,610605.88,84.1,9.9,3.1,0.5
92386,"923",0.53,34.7,40568,330779.96,12.1,79.8,1.9,5.2
96051,"960",0.53,20.8,59375,334298.05,5.8,86,4.2,1.1
93263,"932",0.53,11.8,55847,322407.37,83.7,14.1,0.4,1.4
92376,"923",0.52,9.9,64478,502244,78.1,7.3,1.9,11.1
92311,"923",0.52,11.7,49919,248038.42,50.5,27.1,1.9,11.1
95645,"956",0.52,11.4,52375,382203.52,69.3,30.2,0,0
93609,"936",0.52,14.5,57298,341229.3,68.2,22.3,4.1,4
95531,"955",0.52,16.9,51875,335454.5,21.6,60,3.3,3.3
90044,"900",0.51,9.5,43388,590289.92,66.8,1.1,0.6,30.1
95231,"952",0.51,3.5,77054,490614.79,60.6,24.8,1.9,8.7
90061,"900",0.51,11.7,50427,566812.72,68.5,1.2,0.6,27.8
93660,"936",0.51,2.2,40000,255709.64,96.1,2.4,0,1
93033,"930",0.51,10.9,76445,597519.27,85.4,5.4,6.4,1.7
93667,"936",0.5,19.9,49688,384132.73,8.5,77.3,0,0
92251,"922",0.5,18.7,85599,352538.91,77.5,13.6,2.8,4.9
93705,"937",0.5,13.7,46253,290738.7,58.9,22.2,5.6,8.9
93591,"935",0.5,7.2,53733,351233.66,68.5,20.8,2.7,5.8
95315,"953",0.5,12.8,67021,373415.23,75.3,19.4,4.2,0
95223,"952",0.5,39.9,78403,447112.2,6.1,89.5,3.4,0
93274,"932",0.5,10.5,61756,315585.96,64.3,27.9,1.9,3
95324,"953",0.5,12.4,64802,445206.68,41.7,55.4,0,0
95971,"959",0.49,27.1,58125,320948.97,7.4,77.9,0.8,4.8
90059,"900",0.49,9.6,47682,541997.94,72.6,1.3,0.2,23.7
93925,"939",0.49,9.5,56563,639606.15,91.1,7.6,0,0
93662,"936",0.49,11.7,49504,320077.79,80.7,14.1,2.4,1.1
90221,"902",0.49,7.7,57610,566622.44,76.8,0.8,1.2,20.1
93242,"932",0.49,11.1,45139,309261.23,64.2,35.1,0.2,0
93725,"937",0.49,11.3,57219,309483.15,66.8,12.5,15.5,3.5
93630,"936",0.49,11.2,56705,369153.59,81.7,12.4,2.9,0.5
95560,"955",0.49,12.7,72601,318372.1,5.3,93.2,0.4,0.4
93701,"937",0.49,5.9,25905,208952.28,75.8,10.4,6.1,6
90201,"902",0.49,6.9,49554,606394.72,93.9,3.7,0.5,1.4
90262,"902",0.48,8.1,61941,596817.04,88.3,2.4,0.8,7.7
95965,"959",0.48,14.7,40482,294985.89,15.3,58,15.1,4.7
92398,"923",0.48,5.5,52259,164729.14,19.2,69.7,9.1,0
90222,"902",0.48,9.7,63843,555427.78,72.4,1,0.7,25.1
93616,"936",0.47,11.3,47500,334763.89,83.3,11.1,4,0
93247,"932",0.47,6,44205,269740.28,83.5,15.1,0.8,0.1
95919,"959",0.47,10,83371,306830.08,2.6,96.8,0,0.6
93622,"936",0.47,5.1,38453,291054.54,94.1,5.6,0.1,0.1
95351,"953",0.47,7.8,50649,342935.77,73.5,16.6,4.8,2.9
96080,"960",0.47,18.2,52489,305101.61,18.7,74,1.2,1.3
95358,"953",0.47,12.1,65442,397144.25,61.1,30,4,1.9
95666,"956",0.47,19.8,70987,339537.39,8.1,85.7,0.9,0.5
95249,"952",0.47,15,33342,347415.8,16.7,74.7,2.9,1.3
90037,"900",0.46,9.2,45128,621717.22,79.7,1.5,1.1,16.1
95341,"953",0.46,6.9,46760,325500.99,68.9,13.3,11.8,3.2
96093,"960",0.46,22.9,42168,303552.45,5.3,73.7,1.2,0
93527,"935",0.46,29,83255,265712.27,8,84.8,0,1.2
93280,"932",0.45,4.5,40696,279093.22,85.4,7,0.9,5.3
95567,"955",0.45,12.7,87500,397045.7,13.7,59.8,2.1,0
93543,"935",0.45,7.4,61936,417248.55,75.8,18.5,1,2.6
93930,"939",0.44,13.7,64762,464466.87,79.6,15.2,3.2,0.1
93283,"932",0.44,3.7,21717,196004.07,7.4,91.3,0,0
90270,"902",0.44,8.1,54631,580428.48,97.4,0.7,0.7,0.3
95966,"959",0.44,15.1,52628,302789.92,15.1,71.1,4.7,1.3
93257,"932",0.44,12.8,48411,286483.87,68.5,23.1,4.3,0.3
93285,"932",0.44,9.8,30556,228100.79,6.4,92.4,0,0
92113,"921",0.43,9.7,49651,569140.88,79.4,6.5,3.1,9.4
93434,"934",0.43,11.8,58449,474303.26,88.2,6.7,4.2,0.2
93620,"936",0.43,10.1,49789,328262.19,71.2,22,0.5,2.1
95379,"953",0.43,26.7,63598,339954.92,17.5,72.5,2.5,1.1
96094,"960",0.43,24.6,52759,305970.29,16.3,71.7,2.9,4.1
90001,"900",0.43,6.6,52806,532229.65,90.6,0.5,0.3,7.7
96088,"960",0.42,20.2,65298,313391.24,5.8,87.6,1,0.7
95327,"953",0.42,11.7,54199,398210.57,23.6,64.4,1.2,7
93516,"935",0.42,21.3,64306,135951.18,33.6,45.8,4.9,6.1
95912,"959",0.42,12.3,64667,396823.58,64.7,30,0,0
93618,"936",0.41,12.8,50993,313597.79,84.9,13.1,0.7,0.3
93960,"939",0.41,5.5,64821,559436.33,76.4,10.9,2,8.8
96055,"960",0.41,18.6,62453,289863.39,30.4,63.7,2.2,0
95388,"953",0.41,6.7,51699,320399.99,74.2,19.3,3.6,1.6
96021,"960",0.4,8.8,47914,262930.15,45.9,48.2,2.4,0.1
95485,"954",0.4,18.2,58682,354298.19,10.3,80.2,3.6,0.6
92173,"921",0.4,10.5,54003,601981.67,93.4,2.7,1.5,1.3
92539,"925",0.4,15.7,48954,393652.86,36.7,55.5,3.4,0.1
95988,"959",0.4,17.1,57538,299583.22,29,60.5,6.2,0.5
92316,"923",0.4,11,68589,494567.25,82.1,13.2,0.8,3
93204,"932",0.4,5.5,52080,210423.67,85,8.5,1.4,4
90002,"900",0.4,6.4,46159,531581.32,81.1,0.3,0.9,16.6
96057,"960",0.39,22.3,43839,294863.84,6.8,85.3,0,0.5
93304,"933",0.39,11.4,45563,259867.57,71,17,2.2,7.8
93267,"932",0.39,7.2,38245,243620.5,72.1,26.8,0.2,0
93706,"937",0.39,8.6,34147,238625.19,66.2,11.8,7.6,11.5
93234,"932",0.39,2,34429,237134.42,95.3,2,0,0.8
95205,"952",0.39,4.4,48767,310395.68,74.1,10.3,7.4,6
95948,"959",0.39,16.2,61155,331419.03,38.2,57.1,1,0.1
93305,"933",0.39,8.2,34212,234782.36,74.2,16.2,0.8,6.3
95634,"956",0.38,23,62569,407827.89,14.6,80.3,2.7,0.2
95987,"959",0.38,14.3,77545,355204.8,76.8,21.2,0.9,0.1
95954,"959",0.38,19.8,52691,263282.99,12,79.3,1.2,0
95365,"953",0.38,4.6,38571,260155.41,97.4,2,0,0
95422,"954",0.38,7.9,38325,213847.57,29.2,58,0.8,3.9
93638,"936",0.37,7.5,52399,313386.96,80.8,12.7,1.9,2.8
93215,"932",0.37,6.7,47586,300328.69,76.4,5,13.1,4.2
92225,"922",0.37,7.7,48102,219872.41,56.7,25.7,2.1,11.3
96007,"960",0.37,14.8,51227,320668.82,14.7,75.5,1.2,0.5
93268,"932",0.37,7.8,46827,185679.78,40.1,54.6,1.7,0.7
95963,"959",0.36,16.2,56627,372237.2,45.5,50.2,1.7,0.1
95428,"954",0.36,10.6,46319,271769.4,29.7,31.4,0.2,1.1
92243,"922",0.36,16.3,48888,298298.3,86.6,9,1.3,2.5
93286,"932",0.36,11.8,41127,275650.5,79.1,18.2,1,0.3
92410,"924",0.35,6.6,45741,394579.78,74.4,9.7,3.3,10.5
90003,"900",0.35,7.3,47733,551503.77,81,0.4,0.4,16.9
93458,"934",0.35,8,66350,512699.73,87.4,7.4,3.8,0.7
93702,"937",0.35,6.5,32418,219704.85,76.8,6.9,11.3,3
93212,"932",0.34,4,46312,233831.84,69.8,13.4,1,13
90011,"900",0.34,6.9,47126,564069.06,91.8,0.7,0.6,5.8
93513,"935",0.34,19.5,52500,379159.88,15.8,52.7,1.1,2.1
93203,"932",0.34,3.1,42857,260947.48,95.2,3,1,0.5
96137,"961",0.33,24.8,49759,448851.46,6.2,86.7,0,0
95932,"959",0.33,17,56582,349475.2,49.5,42.2,0.9,3.1
92356,"923",0.33,11.8,36720,259570.75,39.9,51.1,1.9,3.2
93266,"932",0.33,0,51458,225205.8,74.3,24.5,0,0
93250,"932",0.33,3.7,39009,269288.59,91,7.2,0.4,0.9
95019,"950",0.33,7.3,61891,700978.74,93.4,4.8,0.4,1.2
95225,"952",0.32,6.8,88333,520731.67,0,100,0,0
95951,"959",0.32,9.3,60053,317186.54,85,8.4,6.6,0
95374,"953",0.32,3.5,49318,554222.47,54.8,44.2,1.1,0
93905,"939",0.32,6.2,63694,575002.18,93.4,2.7,2.6,0.6
96032,"960",0.32,14.4,54362,274275.6,5.5,72.3,0.2,0.7
93703,"937",0.32,8.4,35526,268588.84,63.1,15.2,12,7.3
96143,"961",0.32,28.7,54338,753620.92,40.4,57.5,1.3,0
95311,"953",0.32,18.9,49279,283749.04,16.8,76.7,0.4,0
92411,"924",0.32,7.7,52281,385618.67,80.4,4.3,1.4,11.8
93249,"932",0.31,1.8,38077,245492.12,97.3,2.7,0,0
93239,"932",0.31,2,41568,172982.61,98.9,1.1,0,0
93307,"933",0.31,6.7,46552,275772.99,79.6,9.9,2.2,6.7
92230,"922",0.31,8.3,66337,293930.99,42,39.4,1.8,0.1
93640,"936",0.31,3.7,37779,277903.19,93.7,4.2,0.3,1.5
93272,"932",0.31,5.4,41528,230671.48,87.8,11.8,0,0.2
95333,"953",0.31,18.2,54500,312791.57,76.9,19.5,1.6,0.5
92242,"922",0.3,8.2,45994,183441.31,12.8,81.3,0.6,0.5
93927,"939",0.3,7.3,66786,482879.01,92.2,5,1,0.7
93926,"939",0.3,7,74167,554498.44,90.4,7.4,1.2,0
95947,"959",0.3,17.2,46023,264752,4,85.8,3.3,0.3
95454,"954",0.3,8.8,36777,336411.79,8.6,67.4,1.8,0.5
96044,"960",0.3,12,56510,211893.24,11.9,69.3,2.6,0.1
93252,"932",0.29,7.8,46215,154965.62,39.1,53.5,1.7,0
96035,"960",0.29,19.7,37639,227768.03,44.6,50.2,0,0
93270,"932",0.28,6.7,42898,298963.08,61.4,38,0,0
93256,"932",0.28,3.5,43538,227153.96,86.8,6.9,2.4,3.9
95255,"952",0.28,11.8,60000,299580.17,18.2,65.2,1.7,0
92365,"923",0.27,9.8,55625,219531.97,21,56.7,11,2.1
95916,"959",0.26,13.6,37768,220640.12,6.6,84.2,5.1,0
93201,"932",0.26,1.6,36442,150276.46,88.8,8.7,0.6,0.2
95313,"953",0.25,8.5,53667,686783.38,70.5,27.4,0,0
96103,"961",0.25,30.2,71612,402192.96,3.1,95.9,0.1,0
96122,"961",0.25,14,50155,267689.92,16.1,79.5,0.2,0
95917,"959",0.25,12.2,71678,317499.76,32.4,60.2,1.3,0
92401,"924",0.24,7.9,38667,326174.85,47.5,10.3,6.2,30.7
93205,"932",0.24,12,23061,184796.32,10.7,79.5,0,0
93223,"932",0.24,4.7,47355,253196.89,89.8,8.2,0.3,0.7
96056,"960",0.24,32.7,63500,272339.77,4.8,77.9,8.6,0
92227,"922",0.24,14.4,51459,277827.09,82.8,14.7,0.6,0.4
92274,"922",0.24,3.5,26500,237353.52,84.9,13.2,0.9,0.3
93647,"936",0.23,5.8,49067,256651.76,89.1,3.8,5.2,0
92231,"922",0.23,18,47476,300098.17,97.7,1,0.9,0.3
93206,"932",0.23,6.9,47188,203681.53,80,17.5,0,0.2
93261,"932",0.23,0.6,17841,229220.18,97.9,1.9,0.2,0
96025,"960",0.23,18.1,37546,235160.51,16.6,72.2,1.9,1.2
92236,"922",0.23,4.3,40641,389763.13,96.6,2.3,0.2,0.6
93219,"932",0.23,2.8,42205,235485.72,95.7,0.5,3.6,0.2
92363,"923",0.23,11,33268,189481.53,21.7,55.2,1,4.5
93668,"936",0.22,18.8,66471,260946.48,84,16,0,0
93648,"936",0.22,7.2,44632,275958.75,95.8,3.8,0.3,0
95955,"959",0.21,11.7,58523,287376.11,66,31.2,0.6,0
96097,"960",0.21,20.4,47042,254687.74,15.2,71.7,0.8,2.1
93235,"932",0.21,11,42438,213853.35,84,15.5,0,0
96041,"960",0.21,14.4,38062,254075,13.2,77.2,2.3,1.8
93241,"932",0.2,2.9,34119,204537.86,94.3,4.4,1,0.1
93202,"932",0.2,11.1,53528,245632.76,82.7,7.5,5.3,0.9
93656,"936",0.2,9.3,55856,295045.7,75.1,21.5,0.1,0.1
96064,"960",0.18,18.8,53204,238164.42,8.6,81.2,1.7,0
92249,"922",0.17,21.1,54668,308904.38,99,0.4,0.5,0
93646,"936",0.16,4.8,29904,251060.8,94.3,4,0.1,1.3
92250,"922",0.15,12.7,55777,271811.33,78.7,18,0.5,1.2
96048,"960",0.14,27.3,55828,304531.87,14.4,81.4,0.5,0
96020,"960",0.14,23,67284,349047.68,13.4,84.9,0,0
93615,"936",0.13,4.8,53150,221615.13,94.9,2.9,0.8,0.5
95319,"953",0.12,7.3,40724,321324.3,59.3,32.1,1.1,2.1
92254,"922",0.12,0,28897,292607.08,98.2,0.6,0,0
96134,"961",0.11,19,44924,138584.31,42.9,53.4,0,0.7
96114,"961",0.1,13.1,67375,308730.52,13.8,78.7,1.1,0
96013,"960",0.09,10.9,51105,210320.65,4.6,87.9,0.2,1.5
96027,"960",0.09,23.7,57250,268315.91,3.1,85.3,0.6,1.5
96130,"961",0.09,10.3,64566,229398.81,24,58.2,1.6,10.2
92233,"922",0.08,1.4,41071,180240.08,72.4,6.7,1.9,15.9
96101,"961",0.08,15.9,51634,163611.71,14.7,77.6,0.1,2.8
96118,"961",0.06,18.3,57363,288565.07,6.3,93,0,0.1
93608,"936",0,0,36413,206742.52,98.2,1.8,0,0
95968,"959",0,9.9,32917,240692.6,25.3,63.3,1.5,1.4
96023,"960",0,10.1,38125,123004.83,27.9,69.1,1.4,0.5
96109,"961",0,16.6,50455,182081.78,1.4,92,0,0
96113,"961",0,7.7,50742,118310.81,27,40.4,1.1,22.3
